,body,comms_num,created,id,score,title,url,timestamp
0,"Hi All,

A few of you have been messaging the mod team wondering why there hasn't been much content here recently. I have had to block many domains and have not added any new domains to the white list for some time now. The reason is because we were hit with a few sites that were delivering malware, malware that was even getting through popup blockers. I am not willing to expose our users here to that so i have not allowed any new domains access to post here. I'm going to keep it that way until after the Christmas/New years period. 

One last thing before i go, there a few sub-reddits similar to this that post streaming sites. They are all run by those who run these same websites and do not always have your best interests at heart. Be careful if you chose to use them. I will remove any comments directing people to them. I recommend /r/fullmoviesonyoutube and /r/Fullmoviesonvimeo for safe viewing. 

If you are one of the sites that posts here and has a clean site, you will need to wait until mid January before you can post here again.

If you are one of those sites that tried to deliver malware to our users, fuck you, go die in a fire.

If you are a regular user here that likes to watch movies, thank you for visiting here and keeping this sub going, we will be back soon, have a happy malware free holidays.


",23,1512570382.0,7hw8t8,196,A quick update on the status of the sub.,https://www.reddit.com/r/BestOfStreamingVideo/comments/7hw8t8/a_quick_update_on_the_status_of_the_sub/,2017-12-07 01:26:22
1,,63,1525270883.0,8gfaa9,154,Black Panther (2018),https://azmovies.xyz/watch.php?title=Black+Panther,2018-05-03 00:21:23
2,,2,1482000761.0,5itzo0,125,Westworld: Season 1 (2016),http://nonton01.com/seasons/westworld-season-1/,2016-12-18 05:52:41
3,"I have removed every approved domain from the whitelist. 

Anyone wishing to apply must do so again. 

Use the message the moderators button in the sidebar and send an example of a link you wish to post (all other requests will be ignored).



**Note: Next time there's malware or coin miners in a website this sub will be shut down permanently. You greedy fucks need to stop doing that shit.**

*EDIT: You do not need to apply just to watch movies here. There are no posts at the moment as i have removed them all. Once some more clean sites have been approved you will start seeing posts on here again.*",82,1524126345.0,8dakvg,119,Whitelist has been reset.,https://www.reddit.com/r/BestOfStreamingVideo/comments/8dakvg/whitelist_has_been_reset/,2018-04-19 18:25:45
4,,1,1490689121.0,61w1fx,118,Futurama (All Movies and Seasons),https://www.playnator.com/search/videos?search_query=futurama,2017-03-28 19:18:41
5,,14,1409856737.0,2ffzik,119,This is for all the bad film lovers here. I have compiled a youtube playlist of over 120 full length free craptastic movies. I am always adding more so keep checking back.,http://www.youtube.com/attribution_link?a=SyjB_iYB5oU&u=%2Fplaylist%3Flist%3DPLu4YvG4BytjMLQPIgJHsTiiFxuju6gkf_,2014-09-05 04:52:17
6,Please post some streams below.,253,1430541950.0,34k1v7,107,Best streams for the Mayweather vs Pacquiao fight?,https://www.reddit.com/r/BestOfStreamingVideo/comments/34k1v7/best_streams_for_the_mayweather_vs_pacquiao_fight/,2015-05-02 14:45:50
7,,3,1418975459.0,2pqhhi,108,Team America: World Police (2004),http://www.solarmovie.is/link/play/1988467/,2014-12-19 18:50:59
8,,10,1509494219.0,79wod3,102,It (2017),http://moviesonline.mn/watch/mxy3A0dN-it-2017.html,2017-11-01 10:56:59
9,"I launched this website a few days ago. We already have quite a few episodes of Game of Thrones and Big Bang Theory, but are looking for more. All episodes are user uploaded.

Check it out! http://robinhood.watch

If you have any questions, let me know.",9,1408522269.0,2e19jy,101,"I've completed a site which I dub Robinhood. It's just like Project Free TV, but with a cleaner interface, less ads, and 100% of ad profit donated to charity!",https://www.reddit.com/r/BestOfStreamingVideo/comments/2e19jy/ive_completed_a_site_which_i_dub_robinhood_its/,2014-08-20 18:11:09
10,,23,1419491556.0,2qbisu,96,The Interview,http://www.solarmovie.is/link/play/3838203/,2014-12-25 18:12:36
11,,19,1396871110.0,22ectj,96,Game of Thrones Season 4 Episode 1 - Two Swords,http://movie25.ws/game-of-thrones-season-4-episode-1/,2014-04-07 21:45:10
12,,32,1385082076.0,1r5e1j,92,"Could we start a list in the sidebar of great streaming sites that cover most shows and movies? for example ivoo.tv, viooz.co, tubeplus.me, alluc.to, etc.",http://ivoo.tv/,2013-11-22 12:01:16
13,,11,1413548840.0,2jhm4y,95,Top 25 Sites for Free Movies & TV Streaming Without Downloading,http://blog.buttermouth.com/2007/06/top-25-places-to-watch-free-movies-and.html,2014-10-17 23:27:20
14,,14,1505246590.0,6zmi4l,89,Baby Driver (2017),https://watchinhd.io/baby-driver/,2017-09-13 06:03:10
15,About half way through all their movies it stops and asks you to fill-out a never ending survey. Can we stop posts that link to this site please?,22,1486720492.0,5t4ie5,89,Can we block streamingtime.net?,https://www.reddit.com/r/BestOfStreamingVideo/comments/5t4ie5/can_we_block_streamingtimenet/,2017-02-10 20:54:52
16,,8,1427776623.0,30ui53,87,Going Clear - Scientology and the Prison of Belief - HBO Documentary Film - (2015),http://12160.info/page/download-watch-hbo-documentary-film-going-clear-scientology,2015-03-31 15:37:03
17,,2,1483510071.0,5luvtl,80,Akira (1988),https://www.playnator.com/video/646/akira-1988,2017-01-04 17:07:51
18,,3,1484721871.0,5old5e,81,Tucker And Dale Vs Evil (2010),http://cafemovie.me/movie/tucker-and-dale-vs-evil-xne0rbwa/watch#Wn0423vRdbnqdwVG,2017-01-18 17:44:31
19,,9,1411629802.0,2hdnoi,79,10 Best Movie Streaming Sites,http://bestfreestreaming.blogspot.com/2013/09/best-sites-watch-free-movies-online.html,2014-09-25 17:23:22
20,,20,1394420313.0,1zzf3z,78,"Introducing Popcorn Time, a cross-platform and BitTorrent-powered movie streaming app",http://getpopcornti.me/,2014-03-10 13:58:33
21,,2,1506134061.0,71szrz,82,Spirited Away (2001),http://jugamovie.com/movies/spirited-away/,2017-09-23 12:34:21
22,,8,1516135586.0,7qs2u0,81,Voldemort: Origins of the Heir (2018),https://moviegid.com/movies/133-voldemort-origins-of-the-heir.html,2018-01-17 07:46:26
23,,5,1509332082.0,79ibo0,77,In Bruges (2008),https://movieland.me/movie/in-bruges-ow7VNlGe/watch,2017-10-30 13:54:42
24,,2,1391135428.0,1wkpuo,79,SLC Punk! (1998) Matthew Lillard,http://viooz.co/movies/3823-slc-punk-1998.html,2014-01-31 13:30:28
25,,15,1510713247.0,7cxnwg,78,Kids (1995),http://hdgo.to/movie/nGErlJdb-kids.html,2017-11-15 13:34:07
26,,18,1398682744.0,245n6u,75,Game of Thrones Season 4 Episode 4 : Oathkeeper [HD],http://movie25.ws/game-of-thrones-season-4-episode-4/,2014-04-28 20:59:04
27,,5,1365490481.0,1by7hv,74,Moon (2009),http://www.putlocker.com/file/F5308ZTYMS08CSO#,2013-04-09 16:54:41
28,,18,1495543480.0,6csjw2,73,John Wick: Chapter 2 (2017),https://quickmovies.tv/john-wick-chapter-2/,2017-05-23 22:44:40
29,,5,1478041699.0,5ajku0,78,Dr. Strangelove Or: How I Learned To Stop Worrying And Love The Bomb (1964),http://cafemovie.me/movie/dr-strangelove-or-how-i-learned-to-stop-worrying-and-love-the-bomb-Ln0papn6/watch/3voRlXvVdbnqdwVG,2016-11-02 10:08:19
30,,2,1480368017.0,5fbm1k,72,Borat: Cultural Learnings of America for Make Benefit Glorious Nation of Kazakhstan (2006),https://sitnwatch.com/Watch/OiXM41QduB0ye7qwslykljkNLKoMPAiD,2016-11-29 08:20:17
31,,8,1477625596.0,59pzqw,75,Don't Be a Menace to South Central While Drinking Your Juice in the Hood (1996),https://www.playnator.com/video/888/don-t-be-a-menace-to-south-central-while-drinking-your-juice-in-the-hood-1996,2016-10-28 14:33:16
32,"Just wondering what the new one that opened up was(always seems like when one goes down another emerges), I've seen Putlocker but it's selection isn't nearly as good as the 3 I just mentioned was. 

Thanks in advance, ",27,1444478804.0,3o6mlr,75,"So now that youtubeonfire, movietv and moviecc are gone, where do I go now?",https://www.reddit.com/r/BestOfStreamingVideo/comments/3o6mlr/so_now_that_youtubeonfire_movietv_and_moviecc_are/,2015-10-10 23:06:44
33,"***
***Rick and Morty ? Season 1***
***
***Episode List:***
***
**Episode 1** ? [**Pilot**](http://www.firedrive.com/file/D255316D9E79D694)

**Episode 2** ? [**Lawnmower Dog**](http://www.firedrive.com/file/F97DB23D0345E371)

**Episode 3** ?  [**Anatomy Park**](http://www.firedrive.com/file/DC8320E0B04FBE6B)

**Episode 4** ? [**M. Night Shaym-Aliens!**](http://www.firedrive.com/file/F96B07BBF9FE4738)

**Episode 5** ? [**Meeseeks and Destroy**](http://www.firedrive.com/file/AE4775C71DDAB717)

**Episode 6** ? [**Rick Potion #9**](http://www.firedrive.com/file/38AA09AD2175F3B4)

**Episode 7** ? [**Raising Gazorpazorp**](http://www.sockshare.com/file/E81FFF54626E3811)

**Episode 8** ? [**Rixty Minutes**](http://www.sockshare.com/file/FFDC7F91402F72BE)

**Episode 9** ? [**Something Ricked This Way Comes**](http://www.sockshare.com/file/36975B15E8B25D6D)

**Episode 10** ? [**Close Rick-counters of the Rick Kind**](http://www.sockshare.com/file/3CEFA61E7CB543E0)

**Episode 11** ? [**Ricksy Business**](http://www.sockshare.com/file/B82CB1749BC69F0C)

***
***Information:***
***

***TV Series  -   22 min  -  Animation | Adventure | Comedy***

***Certificate: TV-14***

***Ratings: 9.3/10 via IMDB***

***Story Line: An animated series that follows the exploits of a super scientist and his not so bright grandson.***

***Creators: Dan Harmon, Justin Roiland***

***Stars: Justin Roiland, Chris Parnell, Spencer Grammer***

***

*All episodes are in 720p*

*Episodes 1 - 6 are on firedrive and episodes 7 - 11 are on sockshare*

*For all Android users you can use [AndStream](https://play.google.com/store/apps/details?id=it.fuscodev.andstream)*

***

*Please contact me if one or more of the links go dead*

Thank you for watching,

/u/Bulldogvaio 

***",15,1397820952.0,23buva,74,Rick and Morty (2013-2014) | Full Season 1,https://www.reddit.com/r/BestOfStreamingVideo/comments/23buva/rick_and_morty_20132014_full_season_1/,2014-04-18 21:35:52
34,,2,1400738429.0,265npa,71,"The Big Lebowski (1998) - Philip Seymour Hoffman, Jeff Bridges, John Goodman, Julianne Moore, Steve Buscemi",http://12160.info/group/embedding-is-not-a-crime/page/big-lebowski-1998-philip-seymour-hoffman-bridges-john-goodman?xg_source=activity,2014-05-22 16:00:29
35,,25,1397472784.0,22z2e6,74,Game of Thrones Season 4 Episode 2 - The Lion and the Rose,http://movie25.ws/game-of-thrones-season-4-episode-2/,2014-04-14 20:53:04
36,,12,1469236809.0,4u3vi5,71,Batman: The Killing Joke (2016),http://www.movie25.ws/watch-batman-the-killing-joke-online-free/,2016-07-23 11:20:09
37,,14,1515671051.0,7plcva,71,The Shape Of Water (2017),http://moviesonline.mn/watch/EvJ3JRxW-the-shape-of-water.html,2018-01-11 22:44:11
38,,26,1363128068.0,1a5d9z,71,Every episode of Game of Thrones season 1 & 2,http://www.throneroom.eu/game-of-thrones-streams/,2013-03-13 09:41:08
39,,4,1508034465.0,76dtxp,69,The Grand Budapest Hotel (2014),https://movieland.me/movie/the-grand-budapest-hotel-5gweoy0x/watch,2017-10-15 13:27:45
40,,4,1507625917.0,75dlog,67,Blade Runner (1982),https://oneclickmovies.co/blade-runner,2017-10-10 19:58:37
41,,14,1500809414.0,6oz9oh,70,Idiocracy (2006),http://filmsday.xyz/idiocracy-2006/,2017-07-23 21:30:14
42,,9,1514026339.0,7lm6r6,71,Justice League (2017),http://moviesonline.mn/watch/Ed9b7evY-justice-league.html,2017-12-23 21:52:19
43,,2,1488881043.0,5xxn33,66,Spirited Away (2001),https://getmovies.to/watch/spirited-away.zl6m,2017-03-07 21:04:03
44,,1,1404174391.0,29hf4m,68,Silicon Valley HBO [All episodes] (2014),http://www.upstreammovies.com/?s=silicon+valley,2014-07-01 10:26:31
45,,14,1402878095.0,287jha,67,X-Men Days of Future Past,http://g2g.fm/forum/showthread.php?4679-X-Men-Days-of-Future-Past-%282014%29-720p-R6-Download-Online-Streaming,2014-06-16 10:21:35
46,,26,1514559900.0,7mssk9,68,Blade Runner 2049 (2017),http://moviesonline.mn/watch/zGeZN3db-blade-runner-2049.html,2017-12-30 02:05:00
47,,4,1512174329.0,7gw2eu,68,The Foreigner (2017),http://moviesonline.mn/watch/ox0wm7ve-the-foreigner.html,2017-12-02 11:25:29
48,[ Removed by reddit on account of violating the [content policy](/help/contentpolicy). ],16,1461449353.0,4g3lsm,67,Zootopia (2016),https://www.reddit.com/r/BestOfStreamingVideo/comments/4g3lsm/zootopia_2016/,2016-04-24 08:09:13
49,,8,1405939540.0,2b9ff6,64,Idiocracy (2006) Directed by Mike Judge: Comedy - Sci-Fi - Adventure,http://nwo-patriot-link-news.blogspot.com/2014/07/idiocracy-director-mike-judge-comedy.html,2014-07-21 20:45:40
50,,16,1386114176.0,1rzxud,70,/r/fullmoviesonyoutube made more accessible with a netflix-like website interface.,http://www.bringthepopcorn.net/,2013-12-04 10:42:56
51,,17,1512551258.0,7hugaz,70,Dunkirk (2017),http://moviesonline.mn/watch/EdZlKKxp-dunkirk-2017.html,2017-12-06 20:07:38
52,,2,1510756868.0,7d2b6j,66,Falling Down (1993),http://moviesonline.mn/watch/G399Abmv-falling-down/vip.html,2017-11-16 01:41:08
53,,6,1484428973.0,5nxej3,63,Grandma's Boy (2006),https://cinemate.tv/Watch/F8b9J4vn2IvQKpFrJxe8pBc7yDnNe9cT,2017-01-15 08:22:53
54,,26,1469901810.0,4vbib3,62,[Meta] Warner Bros Targets Popular Streaming Subreddit,https://torrentfreak.com/warner-bros-targets-popular-streaming-subreddit-160730/,2016-07-31 04:03:30
55,,7,1399286688.0,24qspl,64,Game of Thrones Season 4 Episode 5 - First of His Name [HD VERSION],http://movie25.ws/game-of-thrones-season-4-episode-5/,2014-05-05 20:44:48
56,,8,1525792924.0,8huttz,66,Hackers (1995),https://azmovies.xyz/watch.php?title=Hackers,2018-05-09 01:22:04
57,,1,1476529519.0,57k9ic,64,Akira (1988),https://www.playnator.com/video/632/akira-1988,2016-10-15 22:05:19
58,,18,1353168580.0,13cewt,64,The Dark Knight Rises,http://37.128.191.193/,2012-11-18 03:09:40
59,,1,1480435741.0,5fhii3,63,Léon: The Professional (1994),http://cafemovie.me/movie/leon-the-professional-XDkmpRnz/watch/zw8OpkDXdbnqdwVG,2016-11-30 03:09:01
60,just saying,29,1424372657.0,2wf3l2,64,Mods please reinstate upvotes i dont know what the hell is going on,https://www.reddit.com/r/BestOfStreamingVideo/comments/2wf3l2/mods_please_reinstate_upvotes_i_dont_know_what/,2015-02-20 06:04:17
61,,10,1398077501.0,23k764,67,Game of Thrones Season 4 Episode 3 - Breaker of Chains [HD],http://movie25.ws/game-of-thrones-season-4-episode-3/,2014-04-21 20:51:41
62,,4,1394641494.0,207r3t,66,Anchorman 2: The Legend Continues (2013) | HD Full Movie,http://megavideo.to/671-watch-anchorman-2-the-legend-continues-online-free-megavideo.html,2014-03-13 03:24:54
63,,5,1358406241.0,16pppr,64,The Hobbit: An Unexpected Journey (2012),http://www.novamov.com/video/df63912016a7a,2013-01-17 18:04:01
64,,3,1525880754.0,8i46fk,62,The Grand Budapest Hotel (2014),https://azmovies.xyz/watch.php?title=The+Grand+Budapest+Hotel,2018-05-10 01:45:54
65,,11,1335231036.0,sofu8,65,Peep Show - see through the eyes of other people and hear their thoughts.  Comedy by the hilarious Mitchell and Webb follows the lives of an uptight business man and an unemployed musician.,http://www.hulu.com/peep-show,2012-04-24 11:30:36
66,,2,1508718204.0,7815qh,63,Baby Driver (2017),https://hdonline.to/watch/baby-driver-21303,2017-10-23 11:23:24
67,,4,1508368669.0,77781x,60,Blade Runner (1982),https://www.moviefreak.tv/blade-runner/?action=watching,2017-10-19 10:17:49
68,,22,1498944125.0,6kmxwc,61,Wonder Woman (2017),https://flenix.net/movies/936-wonder-woman.html,2017-07-02 07:22:05
69,my go to site is down i dont know if its ust my computer or not but i can access it so what are your guys favorite sites??,12,1490336348.0,6153hw,61,Needing a new site for streaming TVshows and movies as my goto one is down need your help,https://www.reddit.com/r/BestOfStreamingVideo/comments/6153hw/needing_a_new_site_for_streaming_tvshows_and/,2017-03-24 17:19:08
70,,5,1525044341.0,8frzwq,63,Batman Ninja (2018),https://azmovies.xyz/watch.php?title=Batman+Ninja,2018-04-30 09:25:41
71,,2,1513574505.0,7kghob,59,Dunkirk (2017),https://watchonline.sc/movie/dunkirk-2017/,2017-12-18 16:21:45
72,,3,1451275580.0,3yfj56,59,Idiocracy (2006),http://filmzone.xyz/watch-idiocracy-full-movie-online-for-free,2015-12-28 15:06:20
73,,11,1394499203.0,2024x9,57,"Cosmos: A Spacetime Odyssey - Episode 1 ""Standing up in the Milky Way""",http://youtu.be/p_13S713wpM,2014-03-11 11:53:23
74,,2,1515258977.0,7oiaeq,58,Coco (2017),http://moviesonline.mn/watch/RGb9bbxY-coco.html,2018-01-07 04:16:17
75,,5,1490264359.0,60z7kx,62,Léon: The Professional (1994),https://getmovies.to/watch/leon-the-professional.m2l8,2017-03-23 21:19:19
76,,6,1353997674.0,13u4jq,59,"The Red Green Show, all episodes, full length, legal, free.",http://www.youtube.com/redgreentv,2012-11-27 17:27:54
77,,1,1525620720.0,8hdpst,58,John Wick (2014),https://azmovies.xyz/watch.php?title=John+Wick,2018-05-07 01:32:00
78,,1,1445655464.0,3pxvb3,60,Don’t Be a Menace to South Central While Drinking Your Juice in the Hood (1996),http://nontonpremiere.com/index.php/2015/10/23/dont-be-a-menace-to-south-central-while-drinking-your-juice-in-the-hood-1996-bluray/,2015-10-24 13:57:44
79,I was using tubeplus as it's updated quicker than solarmovies. But google keeps redirecting it to a warning that it's an attack site now. Anyone recommend a good site to watch tv shows?,38,1429624194.0,33bqyu,56,What is a good site to watch tv?,https://www.reddit.com/r/BestOfStreamingVideo/comments/33bqyu/what_is_a_good_site_to_watch_tv/,2015-04-21 23:49:54
80,,12,1411967527.0,2hq9fs,57,"Searchable catalogue of all movies on Netflix, HBO Go, Xfinity, Hulu, Amazon Prime, using Rotten Tomatoes - what do you guys think?",http://www.flixfinder.com,2014-09-29 15:12:07
81,,0,1401126671.0,26ievs,58,Tucker & Dale vs. Evil (2010),http://www.vodlocker.pw/tucker-dale-vs-evil-2010.html,2014-05-27 03:51:11
82,,1,1366153434.0,1cgpnl,55,Exit Through the Gift Shop (2010),http://www.sockshare.com/file/487FCDE2C7DC4C80#,2013-04-17 09:03:54
83,,4,1332499444.0,r9ejd,56,"Community - no laugh track, single-camera comedy about a community college",http://www.hulu.com/community,2012-03-23 21:44:04
84,,2,1506403297.0,72flm8,54,My Neighbor Totoro (1988),http://oneclickmovies.co/my-neighbor-totoro/,2017-09-26 15:21:37
85,,6,1505004902.0,6z2s1v,54,Don't Be a Menace to South Central While Drinking Your Juice in the Hood (1996),https://flenix.net/movies/1725-dont-be-a-menace-to-south-central-while-drinking-your-juice-in-the-hood.html,2017-09-10 10:55:02
86,,3,1489261449.0,5ysaow,55,Office Space (1999),https://www.rapidvideo.com/?v=OZlAULQe,2017-03-12 06:44:09
87,,6,1487260990.0,5udjt9,55,New reporting options!,http://i.imgur.com/fNycKjh.png,2017-02-17 03:03:10
88,,6,1395533041.0,212yrq,53,300: Rise of an Empire (2014) [DVD RIP],http://movie25.ws/300-rise-of-an-empire-2014/,2014-03-23 11:04:01
89,,0,1392943020.0,1yg9fh,56,"Fight Club (1999) [HD] Brad Pitt, Edward Norton, Helena Bonham Carter",http://movie25.ws/watch-fight-club-1999-online-movie/,2014-02-21 11:37:00
90,,3,1513726495.0,7ktz12,57,It (2017),http://moviesonline.mn/watch/mxy3A0dN-it-2017.html,2017-12-20 10:34:55
91,,1,1483337135.0,5lhhau,54,Ex Machina (2015),http://cafemovie.me/movie/ex-machina-kbvB5JnN/watch#gnoNWgnedbnqdwVG,2017-01-02 17:05:35
92,,7,1406208818.0,2bkjmy,58,"They Live (1988) Roddy Piper - ""I have come here to chew bubblegum and kick ass""",http://12160.info/they-live-1988-roddy-piper-consume-this-is-your-god,2014-07-24 23:33:38
93,,5,1353380179.0,13go6q,57,"24/7 Stream of early Nickelodeon, Cartoon Network, Hanna-Barbera, and more..",http://hbreboot.com/,2012-11-20 13:56:19
94,,2,1507429543.0,74wj9b,52,Kubo and the Two Strings (2016),https://watchonline.sc/movie/kubo-and-the-two-strings-2016/,2017-10-08 13:25:43
95,,12,1506075749.0,71o38m,51,The Room (2003),http://oneclickmovies.co/the-room/,2017-09-22 20:22:29
96,,2,1490057977.0,60hpbx,55,Rogue One: A Star Wars Story (2016),https://hdonline.to/watch/rogue-one-a-star-wars-story-18429,2017-03-21 11:59:37
97,,10,1474622192.0,542bzy,55,Swiss Army Man (2016),http://onlinemovies.one/swiss-army-man-watch-online-full-movie/,2016-09-23 19:16:32
98,,1,1474252828.0,53dhdh,53,Sicario (2015),http://solarmovie.sc/movie/sicario-5706.html,2016-09-19 12:40:28
99,,1,1377574206.0,1l4wx0,54,Star Trek Into Darkness 2013 *BLURAY*,http://www.moviezr.com/star-trek-into-darkness/,2013-08-27 13:30:06
100,,2,1492358718.0,65o4a7,54,Logan 2017,https://yesmovies.to/movie/logan-19736.html,2017-04-17 02:05:18
101,,1,1482312294.0,5jh5ny,54,Princess Mononoke (1997),http://getmovies.to/watch/princess-mononoke.4qmx,2016-12-21 20:24:54
102,,16,1431589583.0,35w04b,53,Ex Machina (2015),http://www.solarmoviee.com/watch/movie-Ex-Machina-3995_online.html,2015-05-14 17:46:23
103,,14,1421316565.0,2sgyyr,57,John Wick (2014) one of the best movie of Keanu Reeves,http://www.solarmoviee.com/watch/movie-John-Wick-3120_online.html,2015-01-15 21:09:25
104,,22,1420661259.0,2rme9s,50,American Sniper (2014),http://movie25.ws/american-sniper-2014/,2015-01-08 07:07:39
105,,0,1411689828.0,2hfuy2,56,Every episode of Legend of Korra is free to stream. Get caught up before Book 4.,http://www.nick.com/legend-of-korra/episodes/,2014-09-26 10:03:48
106,,6,1394148821.0,1zq3qv,50,The Princess Bride (1987) Cary Elwes,http://viooz.co/movies/4861-the-princess-bride-1987.html,2014-03-07 10:33:41
107,,9,1389566720.0,1v14w1,56,Her (2013) Full Movie Watch Online,http://www.moviezr.com/her-movie-2013-watch-online-for-free/,2014-01-13 09:45:20
108,,0,1360057987.0,17wm4s,52,Shaun of the Dead (2004),https://www.youtube.com/watch?v=bNe-8OZE8W4&feature=youtube_gdata_player,2013-02-05 20:53:07
109,,4,1440441750.0,3i6r2n,52,The Life Aquatic with Steve Zissou (2004),http://www.youtubefullmovies.net/2015/08/watch-life-aquatic-with-steve-zissou.html,2015-08-25 04:42:30
110,,15,1508991515.0,78qfnd,51,Into The Wild (2007),https://movieland.me/movie/into-the-wild-nGZVvbGB/watch,2017-10-26 15:18:35
111,,10,1499727666.0,6mezdu,51,True Romance (1993),http://freemv.online/watch/true-romance,2017-07-11 09:01:06
112,RICK AND MORTY,9,1491174102.0,6302te,50,[REQUEST] Rick and Morty S3E1 [2017],https://www.reddit.com/r/BestOfStreamingVideo/comments/6302te/request_rick_and_morty_s3e1_2017/,2017-04-03 09:01:42
113,"Hi All,

I currently have an extensive black list of domains that aren't able to post in this sub, unfortunately those with questionable websites are creating new domains faster than i can ban them. Due to this, i have created a white list of domains that are able to post. Domains that have proven to be safe and easy to use and follow all of our rules. 

If you would like your to post links to your domain here, please use the message the moderator function in the sidebar with an example of a link you wish to be allowed. It will be reviewed and if acceptable will be allowed and you will be able to post from them on.

Also, if any users feel that current white list domains need to be re-reviewed, please feel free to message us examples and why you think it needs to happen. We welcome all feedback and all mod messages are read. Unfortunately the report feature is often abused, so unless you have put a specific message in the reason it's hard to keep track of the legitimate reports.

Thanks everyone for your continued support and i hope you all enjoy the movies.",60,1480070177.0,5eraud,53,New Rule: Domains must be added to the whitelist to be able to post in this sub.,https://www.reddit.com/r/BestOfStreamingVideo/comments/5eraud/new_rule_domains_must_be_added_to_the_whitelist/,2016-11-25 21:36:17
114,,1,1473657280.0,52aqha,53,The Grand Budapest Hotel (2014),http://cafemovie.me/movie/the-grand-budapest-hotel-Aqnr9bw7/watch/ywmzEDLkroDXRnxd,2016-09-12 15:14:40
115,"http://torrentfreak.com/lionsgate-targets-reddit-over-christmas-movie-piracy-141206/

As usual dozens of URLs were duplicates and as such were rejected by Google, but a trio of links targeting Reddit were dismissed for different reasons.

Each targeted a Reddit sub called BestOfStreamingVideo after someone posted a link to the LionsGate movie ‘Tyler Perry’s A Madea Christmas‘.

However, instead of targeting the precise link as required under the DMCA, LionsGate tried to have the whole sub-reddit delisted from Google. It didn’t pay off.

Faced with wiping the very existence of /r/BestOfStreamingVideo from its search results, Google refused to go full nuclear and rejected all three attempts by LionsGate.

So at least for now /r/BestOfStreamingVideo remains findable using Google, but it’s quite possible that it will be targeted again before the Christmas period is over……",28,1417913660.0,2ogxor,47,LionsGate Targets Reddit Over Christmas Movie Piracy [TorrentFreak],https://www.reddit.com/r/BestOfStreamingVideo/comments/2ogxor/lionsgate_targets_reddit_over_christmas_movie/,2014-12-07 11:54:20
116,,0,1390839897.0,1w9lh8,53,Spirited Away (2001),http://www.veoh.com/watch/v21054405yE2t9Mna,2014-01-28 03:24:57
117,,1,1358158570.0,16ixzl,50,Argo (2012),http://sharesix.com/jfi8dz03zn39,2013-01-14 21:16:10
118,,7,1526296675.0,8j98so,52,Deadpool (2016),https://yifymovies.is/movie/deadpool-2016/,2018-05-14 21:17:55
119,,14,1524688992.0,8et8yq,52,Thor: Ragnarok (2017),https://azmovies.xyz/watch.php?title=Thor%3A+Ragnarok+--+%282017%29,2018-04-26 06:43:12
120,,1,1500200823.0,6njw57,48,Enemy Mine (1985),https://yesmovies.to/movie/enemy-mine-9054.html,2017-07-16 20:27:03
121,,2,1498419170.0,6jdvi7,52,My Neighbor Totoro (1988),http://hdgo.to/movie/OGgYA9vR-my-neighbor-totoro.html,2017-06-26 05:32:50
122,,4,1496349981.0,6emi11,46,Tucker and Dale vs Evil (2010),https://flenix.net/movies/887-tucker-and-dale-vs-evil.html,2017-06-02 06:46:21
123,,3,1435024433.0,3aqg5s,51,Mad Max: Fury Road (2015),http://www.movie25.cz/mad-max-fury-road-2015/,2015-06-23 11:53:53
124,,5,1427921689.0,311u3o,52,Going Clear: Scientology and the Prison of Belief (2015),http://www.watchmovie.so/watch-movie/Going-Clear-Scientology-and-the-Prison-of-Belief-online-full-movie-free-3853.html,2015-04-02 07:54:49
125,,5,1420406920.0,2rarfi,50,"Black Mirror is fucking sick. Season 2, Special - “White Christmas”",https://www.youtube.com/watch?v=Omq0xSP7tb0,2015-01-05 08:28:40
126,,3,1404816126.0,2a3xwa,49,Spirited Away (2001) HD 720p,http://movie25.ws/spirited-away-2001/,2014-07-08 20:42:06
127,,5,1524448728.0,8e4xov,47,Baby Driver (2017),http://moviestube.me/baby-driver-watch-online-full-movie-02/,2018-04-23 11:58:48
128,,4,1505093662.0,6z9ljc,47,Constantine (2005),https://watchinhd.io/constantine/,2017-09-11 11:34:22
129,,10,1491762316.0,64cglz,49,The Fifth Element (1997),https://www.rapidvideo.com/?v=6LCwkqBx,2017-04-10 04:25:16
130,,5,1490524831.0,61jgcf,50,The Age of Spin: Dave Chappelle Live at the Hollywood Palladium (2017),https://solarmovie.st/watch/the-age-of-spin-dave-chappelle-live-at-the-hollywood-palladium.yqorp,2017-03-26 21:40:31
131,,2,1476978795.0,58fp76,48,Sausage Party (2016),http://watchinhd.io/movies/sausage-party/,2016-10-21 02:53:15
132,,5,1471001200.0,4xbls7,50,10 Cloverfield Lane (2016),http://videopad.me/Watch-10-Cloverfield-Lane-2016,2016-08-12 21:26:40
133,Please post all television shows in this thread.,343,1470217887.0,4vw4y8,51,Television show streams to be posted here.,https://www.reddit.com/r/BestOfStreamingVideo/comments/4vw4y8/television_show_streams_to_be_posted_here/,2016-08-03 19:51:27
134,,2,1426026869.0,2yk7hh,49,India's Daughter (2015),http://www.watchmovie.so/watch-movie/Indias-Daughter-online-full-movie-free-3663.html,2015-03-11 09:34:29
135,"I just wanted to point out that many recent submissions have been of very poor quality. They seem to be 240p or something, with heavy fragmentation on fast camera moves or darker scenes - I'd say they are pretty much unwachtable.

Please don't hit me with the usual ""it's free so stfu""-stuff. I know all that. But if you have a DVD at home, at least generate a watchable rip. This sub is called ""bestofstreaminvideo"" after all, not ""theveryaverageandbelowofstreaming"". We should adopt a 480p-rule to ensure the uploaded content can be watched on something bigger than a 17"" screen.

Otherwise thanks for your efforts, uploaders...",15,1421032550.0,2s30qr,51,Quality of submissions lately,https://www.reddit.com/r/BestOfStreamingVideo/comments/2s30qr/quality_of_submissions_lately/,2015-01-12 14:15:50
136,,5,1419512078.0,2qc9yf,50,The Interview (2014),http://movie25.ws/the-interview-2014/,2014-12-25 23:54:38
137,,1,1407914705.0,2ddu5f,50,Mork and Mindy Season 1 Episode 1 Pilot + Ep 2 (Robin Williams) 1978,http://1newsjunkie.blogspot.com/2014/08/mork-and-mindy-season-1-episode-1-pilot.html,2014-08-13 17:25:05
138,,8,1363779857.0,1an51r,46,Primer (2004),http://www.hulu.com/watch/442155,2013-03-20 22:44:17
139,,14,1511999811.0,7ge9c1,46,Kingsman: The Golden Circle (2017),http://hdgo.to/movie/bdrwQ8vN-kingsman-the-golden-circle.html,2017-11-30 10:56:51
140,,4,1485245071.0,5psrk9,50,Kubo and the Two Strings (2016),https://getmovies.to/watch/kubo-and-the-two-strings.xrj4w,2017-01-24 19:04:31
141,,3,1473706539.0,52dr75,49,Memento (2000),http://moviezone.ch/memento-2000/,2016-09-13 04:55:39
142,,6,1470432819.0,4waejj,50,"Lock, Stock and Two Smoking Barrels (1998)",http://filmzone.xyz/watch-lock-stock-two-smoking-barrels-full-movie-online-for-free,2016-08-06 07:33:39
143,,7,1374829903.0,1j2fxu,46,The Maxx - Full Series. One of the great MTV cartoons now fully available online.,http://www.mtv.com/shows/the_maxx/video.jhtml,2013-07-26 19:11:43
144,,5,1509088914.0,78zfus,47,Dr. Strangelove or: How I Learned to Stop Worrying and Love the Bomb (1964),http://moviefreak.tv/dr-strangelove-or-how-i-learned-to-stop-worrying-and-love-the-bomb/?action=watching,2017-10-27 18:21:54
145,,14,1502177988.0,6s9lb6,49,Guardians of the Galaxy Vol. 2 (2017),http://quickmovies.tv/guardians-of-the-galaxy-vol-2/,2017-08-08 17:39:48
146,,2,1496082764.0,6dzk1l,47,Scott Pilgrim vs. the World (2010),https://flenix.net/movies/855-scott-pilgrim-vs-the-world.html,2017-05-30 04:32:44
147,,1,1491999978.0,64w1r1,47,The Grim Adventures of Billy & Mandy (All episodes/movies/shorts),https://www.playnator.com/search/videos?search_query=The+Grim+Adventures+of+Billy+%26+Mandy+S0,2017-04-12 22:26:18
148,,6,1471168643.0,4xm5mf,46,The Jerk (1979),http://videorev.cc/e2bv6rmfat8s.html,2016-08-14 19:57:23
149,,3,1453341876.0,41viej,47,Idiocracy (2006),http://filmzone.xyz/watch-idiocracy-full-movie-online-for-free,2016-01-21 13:04:36
150,,4,1403403805.0,28qjwn,45,Silicon Valley Season 1 [All 8 Episodes] HDTV,http://movie25.ws/silicon-valley-season-1/,2014-06-22 12:23:25
151,,1,1392484999.0,1xz03g,51,Goon (2011) Seann William Scott,http://viooz.co/movies/1117-goon-2011.html,2014-02-16 04:23:19
152,,5,1358407219.0,16pr0r,48,Skyfall (2012),http://zooupload.com/z5g6toeos3nd,2013-01-17 18:20:19
153,,1,1354539508.0,146owd,49,Layer Cake - The role that nabbed Daniel Craig Casino Royale,http://www.crackle.com/c/Layer_Cake,2012-12-03 23:58:28
154,,4,1525148541.0,8g2ktx,46,The Wolf of Wall Street (2013),https://azmovies.xyz/watch.php?title=The+Wolf+of+Wall+Street,2018-05-01 14:22:21
155,,1,1524895362.0,8ffeve,46,Moon (2009),https://azmovies.xyz/watch.php?title=Moon,2018-04-28 16:02:42
156,,5,1503431168.0,6vafqq,46,"O Brother, Where Art Thou? (2000)",https://flenix.net/movies/1593-o-brother-where-art-thou.html,2017-08-23 05:46:08
157,,6,1465380088.0,4n2p6a,45,"Bob's Burgers Pilot ""Human Flesh"" (2010)",https://www.youtube.com/watch?v=fw0nuxbqW9I,2016-06-08 20:01:28
158,,5,1462159184.0,4havi4,44,What we do in the Shadows,http://xmovies8.tv/movie/shadows-2014-full-movie/,2016-05-02 13:19:44
159,,3,1453924473.0,42x59g,48,Borat: Cultural Learnings of America for Make Benefit Glorious Nation of Kazakhstan (2006),http://movietv.pro/borat-cultural-learnings-of-america-for-make-benefit-glorious-nation-of-kazakhstan/,2016-01-28 06:54:33
160,,9,1419894124.0,2qpqbb,49,The Interview 2014 - Full (HD) No pay wall and no honey dicking.,http://www.pubfilm.com/2014/12/the-interview-2014-full-movie-online-hd.html?m=1,2014-12-30 10:02:04
161,,8,1417651389.0,2o5vng,45,Nightcrawler (2014) Screener w/ awards watermark !!,http://streamingworld.org/movies-films/crime/nightcrawler/,2014-12-04 11:03:09
162,,5,1410347296.0,2fz0d6,46,Leon The Professional (1994) Director's Cut [1080p],http://movie25.ws/watch-leon-the-professional-1994-online-movie/,2014-09-10 21:08:16
163,,9,1407975308.0,2dg5j8,48,Dead Poets Society (1989) - Subtitles Included,http://forumarr.com/showthread.php?tid=1404&pid=1437,2014-08-14 10:15:08
164,,10,1367247057.0,1dboza,47,Game of Thrones (Complete through S3E05),http://quickstream.org/category/g/game-of-thrones/,2013-04-30 00:50:57
165,,5,1526240572.0,8j38xx,46,Requiem for a Dream (2000),https://azmovies.xyz/watch.php?title=Requiem+for+a+Dream,2018-05-14 05:42:52
166,,1,1507515589.0,753dm3,45,It Follows (2014),https://hdonline.to/watch/it-follows-3655,2017-10-09 13:19:49
167,,1,1507082704.0,7426r6,44,Spider-Man: Homecoming (2017),http://solarmovie.win/spider-man-homecoming-full-movie-watch-online/,2017-10-04 13:05:04
168,,1,1494743554.0,6b0m7b,48,Monty Python and the Holy Grail (1975),https://solarmovie.st/watch/monty-python-and-the-holy-grail.l74q,2017-05-14 16:32:34
169,,1,1493112932.0,67dii3,46,Your Name (2016),https://solarmovie.st/watch/your-name.6l659,2017-04-25 19:35:32
170,,1,1488415442.0,5wx23t,43,The Lord Of The Rings: The Return Of The King (2003),https://hdonline.to/watch/the-lord-of-the-rings-the-return-of-the-king-1874,2017-03-02 11:44:02
171,,1,1486849593.0,5tekgg,43,Airplane! (1980),http://vidabc.com/1hmw59ruj2mk.html,2017-02-12 08:46:33
172,,2,1483760679.0,5mfp4n,45,Ex Machina (2015),http://freemoviesdl.com/movies/ex-machina-2015-streaming-720p-bluray/,2017-01-07 14:44:39
173,,6,1482577851.0,5k11xd,45,Westworld (1973),https://cinemate.tv/Watch/7vfz7xssryPv80iDrtQXxprVGUz4rEgz,2016-12-24 22:10:51
174,,4,1478835374.0,5c9tua,45,Let The Right One In (2008),http://cafemovie.me/movie/let-the-right-one-in-xVDZ6LDb/watch/XDpZo8wadbnqdwVG,2016-11-11 14:36:14
175,,4,1475971299.0,56hkn8,46,Howl's Moving Castle (2004),http://animevideo.tv/watch-howls-moving-castle-full-movie-sub-online/,2016-10-09 11:01:39
176,,3,1471421944.0,4y2rfb,43,Bill Burr: You People Are All The Same. (2012),http://videopad.me/Watch-Bill-Burr:-You-People-Are-All-the-Same.-2012,2016-08-17 18:19:04
177,,6,1435105070.0,3aue7y,46,Mad Max: Fury Road (2015),http://moviezr.com/mad-max-fury-road-full-movie-online-with-subtitles/,2015-06-24 10:17:50
178,,5,1432876410.0,37n47j,45,Kung Fury!,https://youtu.be/bS5P_LAqiVg,2015-05-29 15:13:30
179,,7,1416197403.0,2mhowk,43,Guardians of the Galaxy (2014),http://www.solarmovie.ws/watch-movie-guardians-of-the-galaxy-online.html,2014-11-17 15:10:03
180,,6,1414698936.0,2kruut,47,Boyhood (2014) in HD 720p,http://movie25.ws/boyhood-2014/,2014-10-31 06:55:36
181,,2,1402798712.0,2859wl,45,A Million Ways to Die in the West (2014) HD Version,http://movie25.ws/a-million-ways-to-die-in-the-west-2014/,2014-06-15 12:18:32
182,,0,1401504445.0,26w9qr,42,"Tucker and Dale vs. Evil (2010) Tyler Labine, Alan Tudyk, Katrina Bowden",http://www.putlocker2.me/tucker-and-dale-vs-evil.html,2014-05-31 12:47:25
183,,4,1393290597.0,1yt32q,41,"The Intouchables (2011) François Cluzet, Omar Sy, Anne Le Ny",http://movie25.ws/the-intouchables-2011/,2014-02-25 12:09:57
184,,0,1380977431.0,1nrq5k,42,This Is The End (2013),http://www.putlocker.to/watch-this-is-the-end-online-free.html,2013-10-05 22:50:31
185,,12,1336725814.0,thej0,46,Seinfeld 24/7,http://tgun.tv/embed/sein.php,2012-05-11 18:43:34
186,,6,1525620741.0,8hdpul,45,John Wick: Chapter 2 (2017),https://azmovies.xyz/watch.php?title=John+Wick%3A+Chapter+2+%282017%29,2018-05-07 01:32:21
187,,2,1525467719.0,8gz27z,45,Memento (2000),https://azmovies.xyz/watch.php?title=Memento,2018-05-05 07:01:59
188,,4,1514808732.0,7nd5vd,43,"I, Tonya (2017)",http://moviesonline.mn/watch/qd7yg2xK-i-tonya.html,2018-01-01 23:12:12
189,,3,1489360462.0,5yz3mu,44,Spirited Away (2001),https://www.rapidvideo.com/?v=6Ksegg4Y,2017-03-13 10:14:22
190,,6,1487363867.0,5ulw2u,44,Arrival (2016),https://docs.google.com/file/d/0B3vvOPeztmheSDU5N2QxVXFhekU,2017-02-18 07:37:47
191,,3,1484905261.0,5p0zo5,43,Spirited Away (2001),https://getmovies.to/watch/spirited-away.zl6m,2017-01-20 20:41:01
192,,8,1480200463.0,5ezqzt,43,Hackers (1995),http://moviezone.ch/hackers-1995/,2016-11-27 09:47:43
193,,1,1476663944.0,57s66b,44,Ex Machina (2015),http://watchfilmi.com/movies/ex-machina/?tab=video&player=option-1,2016-10-17 11:25:44
194,,5,1475173851.0,551jbf,41,Requiem for a Dream (2000),http://filmsday.xyz/watch-online-requiem-dream-2000/,2016-09-30 04:30:51
195,,1,1471110651.0,4xigwt,44,The Prestige (2006),http://cafemovie.me/movie/the-prestige-XDkmqlnz/watch,2016-08-14 03:50:51
196,,3,1447374922.0,3sjsok,44,Don't Be a Menace to South Central While Drinking Your Juice in the Hood (1996),http://antmov.com/dont-be-a-menace-to-south-central-while-drinking-your-juice-in-the-hood/,2015-11-13 11:35:22
197,,1,1439987391.0,3hjkiq,43,"O Brother, Where Art Thou? (2000)",http://www.youtubefullmovies.net/2015/08/watch-o-brother-where-art-thou-2000.html,2015-08-19 22:29:51
198,,1,1402962508.0,28acm8,43,The Grand Budapest Hotel (2014),http://www.xiangguo.org/movies/39524-the-grand-budapest-hotel,2014-06-17 09:48:28
199,"> Basically a ""free trial"" movie DL / streaming that has no movies, automatically bills credit card, including ""hidden"" charges - no refunds

https://www.mywot.com/en/forum/21326-wot-service-not-as-it-seems?comment=132356#comment-132356

",25,1399505247.0,24yhqn,47,All iprimewire.net content is a scam.,https://www.reddit.com/r/BestOfStreamingVideo/comments/24yhqn/all_iprimewirenet_content_is_a_scam/,2014-05-08 09:27:27
200,,1,1392597829.0,1y2gtf,48,"Inglourious Basterds (2009) [HD] Brad Pitt, Diane Kruger, Eli Roth",http://movie25.ws/watch-inglourious-basterds-2009-movie-online/,2014-02-17 11:43:49
201,,5,1390173490.0,1vlgix,45,Falling Down (1993) Michael Douglas,http://viooz.co/movies/4205-falling-down-1993.html,2014-01-20 10:18:10
202,,16,1389658671.0,1v44ho,48,"The Man from Earth (2007) (720p) | One of those more unknown ""must watch"" movies",http://www.bringthepopcorn.net/movie/2357/the-man-from-earth,2014-01-14 11:17:51
203,,3,1355169790.0,14lmw2,41,All of '3rd Rock from the Sun',http://www.youtube.com/watch?v=VKZW6cPBseU&list=PL59B20B3E2C0DC4FF,2012-12-11 07:03:10
204,,3,1524976987.0,8fmlzi,46,The Silence of the Lambs (1991),https://azmovies.xyz/watch.php?title=The+Silence+of+the+Lambs,2018-04-29 14:43:07
205,,1,1514260583.0,7m381n,44,IT (2017),https://gomovies.sc/movie/it-2017-watchfree/watching/?ep=6,2017-12-26 14:56:23
206,,1,1503628392.0,6vsucg,40,Dogma (1999),https://flenix.net/movies/1614-dogma.html,2017-08-25 12:33:12
207,,1,1488961508.0,5y4mi3,41,The Grand Budapest Hotel (2014),http://www.movieblast.co/movie/watch-the-grand-budapest-hotel-2014,2017-03-08 19:25:08
208,,1,1484799010.0,5orqs0,43,Princess Mononoke (1997),https://getmovies.to/watch/princess-mononoke.4qmx,2017-01-19 15:10:10
209,,3,1483164294.0,5l64rg,43,Fantastic Mr. Fox (2009),http://990movies.com/fantastic-mr-fox/,2016-12-31 17:04:54
210,,1,1480845116.0,5gd40q,44,The Accountant (2016),http://getmovies.to/watch/the-accountant.7jz17,2016-12-04 20:51:56
211,,1,1478493608.0,5bhwyp,40,Sicario (2015),http://watchfov.pro/movies/sicario/,2016-11-07 15:40:08
212,,2,1472892352.0,50wh4u,46,Jason Bourne (2016),http://videopad.me/Watch-Jason-Bourne-2016,2016-09-03 18:45:52
213,,6,1418307226.0,2oy65f,47,Gone Girl (2014),http://movie25.ws/gone-girl-2014/,2014-12-12 01:13:46
214,,4,1377221720.0,1kvxkn,46,Watch Oblivion Movie In 1080p high HD quality,http://www.moviezr.com/oblivion-2013-watch-movie-full-online/,2013-08-23 11:35:20
215,,0,1371210370.0,1gbf3r,43,1984 George Orwell (1956) - Full Film,http://www.youtube.com/watch?v=A_Jex2bMwWI,2013-06-14 21:46:10
216,,1,1363580630.0,1ahchw,45,Into the Wild (2007),http://sharesix.com/7hjl3rosuz1u,2013-03-18 15:23:50
217,,2,1357661777.0,166aay,43,Blood Simple (1984)- First film of the Coen Brothers!,http://www.youtube.com/watch?v=FOwDBifKN2c,2013-01-09 03:16:17
218,,0,1354698380.0,14amcw,45,Eurotrip UNRATED (720p),http://www.youtube.com/watch?v=ehY4kotYfBo,2012-12-05 20:06:20
219,,2,1333049078.0,rj36e,43,Daria - an outsider girl trying to make it through high school.  Dripping with sarcasm and dry wit.,http://liquidtelevision.com/videos/series/daria/,2012-03-30 06:24:38
220,,2,1480272412.0,5f4si1,44,"O Brother, Where Art Thou? (2000)",http://cafemovie.me/movie/o-brother-where-art-thou-lD1LBpvQ/watch/WDzy4MwOdbnqdwVG,2016-11-28 05:46:52
221,,18,1450634650.0,3xkclb,42,The Hateful Eight (2015),http://onlinemoviestv.xyz/the-hateful-eight-2015/,2015-12-21 05:04:10
222,,1,1444347034.0,3nze06,45,Memento (2000),http://moviehdmax.com/watch/14b9456159/memento-2000,2015-10-09 10:30:34
223,,1,1400290696.0,25q7eo,39,Pink Floyd - Echoes - Live in Pompeii (1971),https://www.youtube.com/watch?v=IkcbqJUGG8Y,2014-05-17 11:38:16
224,,3,1398880543.0,24ctsh,44,"The Lego Movie (2014) [DVD Screen] Craig Berry, Elizabeth Banks, Will Arnett",http://movie25.ws/the-lego-movie-2014/,2014-05-01 03:55:43
225,,8,1392884017.0,1ye58l,42,They Live (1988),http://12160.info/group/embedding-is-not-a-crime/page/they-live-1988,2014-02-20 19:13:37
226,,1,1361524885.0,18zqdt,41,Eternal Sunshine of the Spotless Mind (2004),http://www.watchfreeinhd.com/fU4AGT,2013-02-22 20:21:25
227,,0,1356447864.0,15eurf,41,"What about Bob?  (1991, w/ Bill Murray)",http://www.youtube.com/watch?v=oqB6ZWNcznY,2012-12-26 02:04:24
228,"**DO NOT REQUEST TV SHOWS HERE**


If you would like to request a television show please start a new thread in the sub and fomat it as such: [Request] Name of tv show (year)",180,1497886950.0,6i4yyt,38,Television shows to be posted in this thread.,https://www.reddit.com/r/BestOfStreamingVideo/comments/6i4yyt/television_shows_to_be_posted_in_this_thread/,2017-06-20 01:42:30
229,,1,1497350594.0,6gx31w,42,Power Rangers (2017),https://quickmovies.tv/power-rangers/,2017-06-13 20:43:14
230,,2,1482740686.0,5kazwr,39,Spirited Away (2001),http://getmovies.to/watch/spirited-away.zl6m,2016-12-26 19:24:46
231,,3,1477877966.0,5a76df,40,Leon The Professional (1994),https://www.playnator.com/video/953/leon-the-professional-1994,2016-10-31 12:39:26
232,,1,1475890193.0,56ck0o,40,In Bruges (2008),http://solarmovie.sc/movie/in-bruges-15669.html,2016-10-08 12:29:53
233,,1,1435327446.0,3b5xeu,43,Mad Max: Fury Road (2015),http://www.movietube.co/watch.php?v=0_JnMQG9ev8,2015-06-27 00:04:06
234,,5,1420247946.0,2r45ur,41,The Internet’s Own Boy: The Story of Aaron Swartz (2014),http://movie25.ws/the-internets-own-boy-the-story-of-aaron-swartz-2014/,2015-01-03 12:19:06
235,,3,1403353760.0,28p837,44,Moon (2009),http://www.xiangguo.org/movies/5988-moon,2014-06-21 22:29:20
236,,1,1526379328.0,8jhztm,39,The Machinist (2004),https://yifymovies.is/movie/the-machinist-2004/,2018-05-15 20:15:28
237,,4,1513191440.0,7jihb7,39,Star Wars: The Force Awakens (2015),http://moviesonline.mn/watch/VdP0LndL-star-wars-the-force-awakens.html,2017-12-14 05:57:20
238,,2,1512091106.0,7gnw2z,40,[Request] National Lampoon's Christmas Vacation (1989),https://www.reddit.com/r/BestOfStreamingVideo/comments/7gnw2z/request_national_lampoons_christmas_vacation_1989/,2017-12-01 12:18:26
239,,13,1506884612.0,73l1n7,39,War for the Planet of the Apes (2017),https://cinemate.tv/Watch/rokkTwfV7otdwp3E1Byd4j9J9YRtvhWW,2017-10-02 06:03:32
240,,1,1501112635.0,6pow6h,42,Sicario (2015),http://sharemovies.net/watch/qvolRRxl-sicario.html,2017-07-27 09:43:55
241,,12,1499034895.0,6ktiw2,43,Alien: Covenant (2017),https://flenix.net/movies/645-alien-covenant.html,2017-07-03 08:34:55
242,,1,1495629975.0,6d00ws,40,Natural Born Killers (1994),https://quickmovies.tv/natural-born-killers/,2017-05-24 22:46:15
243,,6,1495581253.0,6cv9m2,39,John Wick: Chapter 2 (2017),https://flenix.net/movies/171-john-wick-chapter-2.html,2017-05-24 09:14:13
244,,1,1488760988.0,5xnnm2,39,Saving Private Ryan (1998),https://hdonline.to/watch/saving-private-ryan-3662,2017-03-06 11:43:08
245,,3,1486599460.0,5stlpk,40,Dennis the Menace (1993),http://vidabc.com/48kd4tdqxqd1.html,2017-02-09 11:17:40
246,,2,1486065221.0,5rmbkh,40,Doctor Strange (2016),http://vidabc.com/9ygedfee3j55.html,2017-02-03 06:53:41
247,,2,1483995625.0,5mxikz,40,Lucky Number Slevin (2006),http://cafemovie.me/movie/lucky-number-slevin-Ev5bG5Da/watch#xwx1xWDEdbnqdwVG,2017-01-10 08:00:25
248,,5,1481746445.0,5ia95a,38,Léon: The Professional (1994),http://getmovies.to/watch/leon-the-professional.m2l8,2016-12-15 07:14:05
249,,1,1479774003.0,5e4uu8,41,Snatch (2000),http://cafemovie.me/movie/snatch-gnQ9WRnN/watch,2016-11-22 11:20:03
250,,1,1472024638.0,4z9j7q,41,Whiplash (2014),http://videopad.me/Watch-Whiplash-2014,2016-08-24 17:43:58
251,,1,1440807619.0,3iqqex,39,Citizenfour (2014),http://f9movies.com/Citizenfour.html,2015-08-29 10:20:19
252,,5,1421204161.0,2sb4gn,44,John Wick (2014),http://www.solarmoviee.com/watch/movie-John-Wick-3120_online.html,2015-01-14 13:56:01
253,,1,1414460583.0,2khduw,43,The Grand Budapest Hotel (2014) in HD 720p,http://movie25.ws/the-grand-budapest-hotel-2014/,2014-10-28 12:43:03
254,,0,1391280041.0,1wpy8z,39,The Hunger Games:Catching Fire (2013) [HD Version],http://movie25.ws/the-hunger-games-catching-fire-2013/,2014-02-02 05:40:41
255,,11,1364883884.0,1bgq83,41,Wristcutters: A Love Story (2006),http://youtu.be/E8xL6QPWptI,2013-04-02 17:24:44
256,,2,1361323625.0,18tso1,41,Monty Python and the Holy Grail (1975),https://www.youtube.com/watch?v=qyIZK7GWSPI,2013-02-20 12:27:05
257,,4,1358125571.0,16hwrn,37,Les Misérables (2012),http://sharesix.com/pq4tituwkdbu,2013-01-14 12:06:11
258,,0,1355814117.0,150oue,41,"The Seventh Seal  (1957, Ingmar Bergman)",http://www.youtube.com/watch?v=o7NJaZ9NmNA,2012-12-18 18:01:57
259,,3,1351908864.0,12ix8b,43,"District 9 (2009) - Action, Sci-Fi, Thriller; Producer Peter Jackson & Dir. Neill Blomkamp",http://www.crackle.com/c/District_9,2012-11-03 13:14:24
260,,2,1350020925.0,11byth,38,Weird Al's Movie UHF,https://www.youtube.com/watch?v=ecQAZoYhpJ8&feature=related,2012-10-12 16:48:45
261,,4,1516190623.0,7qycu7,36,The Shape Of Water (2017),http://fmovies.yt/watch/EvJ3JRxW-the-shape-of-water.html,2018-01-17 23:03:43
262,,9,1512048135.0,7gk051,40,Kingsman: The Golden Circle (2017),http://moviesonline.mn/watch/bdrwQ8vN-kingsman-the-golden-circle.html,2017-12-01 00:22:15
263,,4,1511528910.0,7f56ua,40,Logan Lucky (2017),http://hdgo.to/movie/nGEMJnGb-logan-lucky.html,2017-11-25 00:08:30
264,,8,1509206907.0,7990hh,38,The Man from Earth (2007),https://movieland.me/movie/the-man-from-earth-70qjyWGq/watch,2017-10-29 03:08:27
265,,1,1497406970.0,6h1s75,38,12 Angry Men (1957),http://hdgo.to/movie/OvkDZ8xQ-12-angry-men-1957.html,2017-06-14 12:22:50
266,,164,1490019026.0,60ex4n,38,Television episodes to be posted here.,https://www.reddit.com/r/BestOfStreamingVideo/comments/60ex4n/television_episodes_to_be_posted_here/,2017-03-21 01:10:26
267,,2,1489015125.0,5y8ggs,40,Drive (2011),http://www.movieblast.co/movie/watch-drive-2011,2017-03-09 10:18:45
268,,1,1483000366.0,5ktq9g,39,Princess Mononoke (1997),https://getmovies.to/watch/princess-mononoke.4qmx,2016-12-29 19:32:46
269,,1,1480158390.0,5exfeb,38,National Lampoon's Christmas Vacation (1989),https://sitnwatch.com/Watch/zv2hIX4XGxCRyqWB8hgk18zSge2iTnGt,2016-11-26 22:06:30
270,,2,1477190314.0,58uic0,36,The Grand Budapest Hotel (2014),http://veocube.cf/watch-the-grand-budapest-hotel-full-movie/,2016-10-23 13:38:34
271,,2,1476941777.0,58czca,37,The Fifth Element (1997),http://veocube.cf/watch-the-fifth-element-full-movie/,2016-10-20 16:36:17
272,,1,1476525112.0,57jzl5,39,Don't Breathe (2016),http://videopad.me/Watch-Dont-Breathe-2016,2016-10-15 20:51:52
273,,1,1474321209.0,53hl1i,40,The Big Lebowski (1998),http://cafemovie.me/movie/the-big-lebowski-5vpXZmvx/watch/NvVOZBvbroDXRnxd,2016-09-20 07:40:09
274,,1,1430256415.0,345gb7,38,The Grand Budapest Hotel (2014),http://streamingworld.org/the-grand-budapest-hotel/,2015-04-29 07:26:55
275,,1,1423440543.0,2v77qx,39,/r/BestOfStreamingVideo hits 30K subscribers (2015),http://redditmetrics.com/r/BestOfStreamingVideo,2015-02-09 11:09:03
276,,9,1417713276.0,2o8vk7,40,Contact (1997),http://watchonline-movies.com/contact/,2014-12-05 04:14:36
277,,1,1403832721.0,295zgb,39,The Big Lebowski (1998) HD 720p,http://movie25.ws/the-big-lebowski-1998/,2014-06-27 11:32:01
278,,4,1391048939.0,1whf5a,38,True Romance (1993) Christian Slater,http://viooz.co/movies/1526-true-romance-1993.html,2014-01-30 13:28:59
279,,2,1390351702.0,1vrskj,38,My Cousin Vinny [1992],http://putlocker.bz/watch-my-cousin-vinny-online-free-putlocker.html,2014-01-22 11:48:22
280,,2,1389840198.0,1vak8m,43,12 Angry Men (1957) (480p) | IMDB #8,http://www.bringthepopcorn.net/movie/2318/12-angry-men,2014-01-16 13:43:18
281,,7,1360492672.0,1886bi,42,"Home Movies - if you like Bob's Burger's then you'll like this, it's made by the exact same people",http://video.adultswim.com/home-movies/psycho-delicate.html,2013-02-10 21:37:52
282,,4,1353828253.0,13qgcz,43,Ted 2012 full movie ,https://www.youtube.com/watch?v=u0FF2ArAAGo&feature=youtube_gdata_player,2012-11-25 18:24:13
283,,1,1513191406.0,7jih8d,38,Rogue One: A Star Wars Story (2016),http://moviesonline.mn/watch/OGgW9yGR-rogue-one-a-star-wars-story.html,2017-12-14 05:56:46
284,,28,1510936203.0,7djho5,36,Best streaming sites for tv shows ?,https://www.reddit.com/r/BestOfStreamingVideo/comments/7djho5/best_streaming_sites_for_tv_shows/,2017-11-18 03:30:03
285,,3,1509584882.0,7a4yqv,38,Swiss Army Man (2016),http://moviesonline.mn/watch/wvnmABdQ-swiss-army-man.html,2017-11-02 12:08:02
286,,6,1499115147.0,6kzpf6,39,Alien: Covenant (2017),http://hdgo.to/movie/QvMXwmd2-alien-covenant.html,2017-07-04 06:52:27
287,,1,1495158300.0,6bxso6,39,Hanna (2011),https://flenix.net/movies/748-hanna.html,2017-05-19 11:45:00
288,,14,1492162489.0,659r63,39,Logan (2017),http://chillnflix.to/logan-2017-watch-online-for-free/?action=watching,2017-04-14 19:34:49
289,,5,1489687992.0,5zpqwh,37,A Scanner Darkley (2006),https://www.rapidvideo.com/?v=2pyutfPE,2017-03-17 05:13:12
290,,1,1485940718.0,5rchd7,39,Starship Troopers (1997),http://vidabc.com/hljdyzog4ysx.html,2017-02-01 20:18:38
291,,1,1481801869.0,5ifa3j,37,My Neighbor Totoro (1988),http://getmovies.to/watch/my-neighbor-totoro.ll9m,2016-12-15 22:37:49
292,,1,1475116533.0,54xuqo,41,Gangs of New York (2002),http://solarmovie.sc/movie/gangs-of-new-york-5399.html,2016-09-29 12:35:33
293,,9,1473905927.0,52rvpg,41,American History X (1998),http://moviezone.ch/american-history-x-1998/,2016-09-15 12:18:47
294,,2,1472575887.0,50a5ik,37,Captain America: Civil War (2016),http://videopad.me/Watch-Captain-America:-Civil-War-2016,2016-08-31 02:51:27
295,,3,1472186986.0,4zkrzz,42,What Dreams May Come (1998),http://filmsday.xyz/watch-online-dreams-may-come-1998/,2016-08-26 14:49:46
296,,2,1459556989.0,4cwii7,39,Justice League vs. Teen Titans (2016),http://f3movies.com/justice-league-vs-teen-titans.php,2016-04-02 11:29:49
297,,1,1423360353.0,2v3wqx,38,Léon: The Professional (1994),http://tvshows2k.com/movie/leon-the-professional#.VNZQzobscNk.reddit,2015-02-08 12:52:33
298,,3,1416091252.0,2mdqim,41,Guardians of the Galaxy (2014),http://movie25.ws/guardians-of-the-galaxy-2014/,2014-11-16 09:40:52
299,,1,1382842101.0,1p9oxm,37,"Samurai Jack, Seasons 1 thru 4",http://www.justanimedubbed.tv/watch/samurai-jack/,2013-10-27 13:48:21
300,,1,1360753553.0,18f665,35,Wreck-it Ralph - 2012,http://videobam.com/FNUqu,2013-02-13 22:05:53
301,,11,1332633978.0,rbhmz,39,"Misfits - It's like a British producer decided to re-do all of ""X-Men: The Animated Series"", and make it relevant to its now 20 yr old audience.",http://www.hulu.com/watch/248938/misfits-one,2012-03-25 11:06:18
302,,3,1514139851.0,7lujaw,38,End Of Watch (2012),http://moviesonline.mn/watch/OzGWNPxP-end-of-watch.html,2017-12-25 05:24:11
303,,2,1510199660.0,7bnwjo,38,The Hateful Eight (2015),https://hdonline.is/watch/the-hateful-eight-7353,2017-11-09 14:54:20
304,,5,1510057215.0,7bat1u,35,Dead Man (1995),https://yifymovies.is/film/dead-man-4889.html,2017-11-07 23:20:15
305,,1,1509930180.0,7ayqhp,35,Edge Of Tomorrow (2014),http://moviesonline.mn/watch/pxwXqyGz-edge-of-tomorrow.html,2017-11-06 12:03:00
306,,2,1507690149.0,75j7le,36,The Fifth Element (1997),http://www.vidslocker.com/the-fifth-element/,2017-10-11 13:49:09
307,,1,1504034580.0,6wqkp3,39,"Lock, Stock and Two Smoking Barrels (1998)",https://flenix.net/movies/1650-lock-stock-and-two-smoking-barrels.html,2017-08-30 05:23:00
308,,1,1498419215.0,6jdvkk,37,Your Name (2016),http://hdgo.to/movie/zGe9WjGb-your-name.html,2017-06-26 05:33:35
309,,4,1489462350.0,5z74sb,38,Cool Hand Luke (1967),http://apetv.ws/movie/cool-hand-luke-1967/,2017-03-14 14:32:30
310,,3,1483434741.0,5loxzc,39,Léon: The Professional (1994),https://getmovies.to/watch/leon-the-professional.m2l8,2017-01-03 20:12:21
311,,4,1482263480.0,5jcvfj,37,Spirited Away (2001),http://getmovies.to/watch/spirited-away.zl6m,2016-12-21 06:51:20
312,,3,1475469619.0,55k4zr,34,Kingsman: The Secret Service (2014),http://solarmovie.sc/movie/kingsman-the-secret-service-3104.html,2016-10-03 15:40:19
313,,1,1460369145.0,4e8r5n,36,Leon The Professional (1994),http://www.movie25.ws/watch-leon-the-professional-online-free-putlocker/,2016-04-11 20:05:45
314,,2,1451764001.0,3z4td3,41,Trading Places (1983),http://putmv.com/watch/trading-places-1983,2016-01-03 06:46:41
315,,6,1451448861.0,3yoz7x,37,The Revenant (2015),http://movietv.pro/the-revenant/,2015-12-30 15:14:21
316,,1,1441626855.0,3jxlff,37,The Grand Budapest Hotel (2014),http://www.movie25.cz/the-grand-budapest-hotel-2014/,2015-09-07 21:54:15
317,,10,1441529306.0,3jt2f0,38,Cube (1997),http://www.youtubefullmovies.net/2015/09/watch-cube-1997-full-movie-online.html,2015-09-06 18:48:26
318,,2,1436903370.0,3d8s93,37,Ex Machina (2015),http://moviess4u.com/movies/ex-machina-movie-watch-online/,2015-07-15 05:49:30
319,,8,1430002960.0,33to65,35,The Babadook (2014),http://streamingworld.org/the-babadook/,2015-04-26 09:02:40
320,,4,1420766942.0,2rreoi,33,The Imitation Game (2014),http://movie25.ws/the-imitation-game-2014/,2015-01-09 12:29:02
321,,0,1377405137.0,1l0q9u,39,We're The Millers in DVD quality,http://www.moviezr.com/were-the-millers-movie-2013-watch-online/,2013-08-25 14:32:17
322,,0,1360122777.0,17y80d,37,The Master-2012,http://videobam.com/rWhLr,2013-02-06 14:52:57
323,,7,1525971726.0,8idh3e,37,Game Night (2018),https://azmovies.xyz/watch.php?title=Game+Night,2018-05-11 03:02:06
324,,3,1508813786.0,789yfv,36,Captain Fantastic (2016),https://movieland.me/movie/captain-fantastic-gz9eOXzP/watch,2017-10-24 13:56:26
325,,1,1506936916.0,73pubm,38,Edge of Tomorrow (2014),http://solarmovie.win/edge-of-tomorrow-watch-online/,2017-10-02 20:35:16
326,,3,1504495921.0,6xv89v,38,Grandma's Boy (2006),https://cinemate.tv/Watch/F8b9J4vn2IvQKpFrJxe8pBc7yDnNe9cT,2017-09-04 13:32:01
327,,1,1493024348.0,675yp3,35,Spirited Away (2001),https://solarmovie.st/watch/spirited-away.zl6m,2017-04-24 18:59:08
328,,4,1485732776.0,5qu9sp,38,Doctor Strange (2016),http://vidabc.com/8zsbmp1awhnx.html,2017-01-30 10:32:56
329,,2,1482356441.0,5jjy5s,39,"The Good, the Bad and the Ugly (1966)",http://nonton01.com/movies/the-good-the-bad-and-the-ugly/,2016-12-22 08:40:41
330,"I'm sure you guys all know this problem when using sites like primewire etc. 

- For a while, one hoster always has the best and fastest streams
- you finally remember which one it is (for example openload some weeks ago)
- then they start slowing it down intentionally / remove the download option etc. to make you purchase premium
- you have to start figuring out again which one works best

Do you have any tips on how to know which hosters are currently the best? Thanks!",3,1479195982.0,5cza7u,34,Is there a list/website that keeps an updated list of the best hosters to use?,https://www.reddit.com/r/BestOfStreamingVideo/comments/5cza7u/is_there_a_listwebsite_that_keeps_an_updated_list/,2016-11-15 18:46:22
331,,8,1476630343.0,57qe9v,38,The Man from Earth (2007),http://moviefree.to/watch/the-man-from-earth-2007-online.html,2016-10-17 02:05:43
332,,1,1464052284.0,4kozvs,34,John Wick (2014),http://filmzone.xyz/watch-john-wick-full-movie-online-for-free,2016-05-24 11:11:24
333,,5,1441445926.0,3joz88,36,Gattaca (1997),http://www.youtubefullmovies.net/2015/09/watch-gattaca-1997-full-movie-online.html,2015-09-05 19:38:46
334,,1,1417082722.0,2njdxs,33,The Internet's Own Boy: The Story of Aaron Swartz (2014),http://www.vumoo.me/videos/play/watch-the-internets-own-boy-the-story-of-aaron-swartz-2014-343,2014-11-27 21:05:22
335,,2,1404908179.0,2a7mfz,36,Moon (2009) HD 720p,http://movie25.ws/moon-2009/,2014-07-09 22:16:19
336,,6,1395595186.0,214zwq,35,300: Rise of an Empire (2014) | HDRip Full Movie,http://megavideo.to/748-watch-300-rise-of-an-empire-online-free-megavideo.html,2014-03-24 04:19:46
337,,1,1393335531.0,1yvakv,36,Ghost Busters (1984) | 720p,http://www.firedrive.com/file/3F5Q7MLJ6OE80S4C,2014-02-26 00:38:51
338,,7,1391699000.0,1x5uk1,38,The 'Burbs (1989) Tom Hanks,http://viooz.co/movies/94-the-burbs-1989.html,2014-02-07 02:03:20
339,,8,1386293148.0,1s67zf,36,Elysium (2013) [HD Version],http://b4.to/wa7xq6,2013-12-06 12:25:48
340,,0,1385536021.0,1rj448,33,Spirited Away DVD quality,http://megashare.sh/watch-spirited-away-online-TWpjMw,2013-11-27 18:07:01
341,,4,1383875045.0,1q444e,34,Law Abiding Citizen (2009),http://viooz.co/movies/1371-law-abiding-citizen-2009.html,2013-11-08 12:44:05
342,,3,1370930591.0,1g2pyq,33,The Lives Of Others (2006),https://www.youtube.com/watch?v=Veag-ptUkXI,2013-06-11 16:03:11
343,,4,1363844270.0,1aouor,33,Lucky Louie (starting w/ Pilot and going forward),http://www.youtube.com/watch?v=HEHHKc6LG3M,2013-03-21 16:37:50
344,,7,1361079160.0,18nnp3,36,Noobroom is back up! ,http://noobroom.com/,2013-02-17 16:32:40
345,,2,1341807947.0,w8g4r,38,Moon (2009) - Duncan Jones first sci-fi film,http://www.youtube.com/movie?v=gbCfsAC-Aoo&feature=mv_sr,2012-07-09 14:25:47
346,,6,1525640648.0,8hf1z9,34,Dunkirk (2017),https://azmovies.xyz/watch.php?title=Dunkirk,2018-05-07 07:04:08
347,,1,1513416885.0,7k47j5,36,The Muppet Christmas Carol (1992),http://moviesonline.mn/watch/Dpxwjgvz-the-muppet-christmas-carol.html,2017-12-16 20:34:45
348,,1,1507596142.0,75aben,35,Arrival (2016),https://hdonline.to/watch/arrival-17894,2017-10-10 11:42:22
349,,4,1502236473.0,6see5k,31,Ex Machina (2015),http://sharemovies.net/watch/QG3y88vo-ex-machina.html,2017-08-09 09:54:33
350,,7,1490957248.0,62ior7,35,Rick and Morty (TV Series 2013– ),https://www.rapidvideo.com/?v=z9KmtVKz,2017-03-31 21:47:28
351,,2,1487918066.0,5vtn2h,36,The Goonies (1985),http://www.movieblast.co/movie/watch-the-goonies-1985,2017-02-24 17:34:26
352,,2,1487625319.0,5v4gr4,34,Ex Machina (2015),http://www.movieblast.co/movie/watch-ex-machina-2015,2017-02-21 08:15:19
353,,8,1486379348.0,5sbqsf,35,Arrival (2016),http://vidabc.com/ht5r60yudjbm.html,2017-02-06 22:09:08
354,,3,1480323737.0,5f8qzq,36,In Bruges (2008),http://moviezone.ch/in-bruges-2008/,2016-11-28 20:02:17
355,,5,1477262771.0,58yuig,35,Apocalypto (2006),http://cafemovie.me/movie/apocalypto-kLDEQMDy/watch/6vjW10nLdbnqdwVG,2016-10-24 09:46:11
356,,1,1475361118.0,55dfb7,34,"Lock, Stock And Two Smoking Barrels (1998)",http://cafemovie.me/movie/lock-stock-and-two-smoking-barrels-EDW41ywx/watch/awWj0enxdbnqdwVG,2016-10-02 09:31:58
357,,3,1474591067.0,53zula,33,The Secret Life of Pets (2016),http://solarmovie.sc/movie/the-secret-life-of-pets-14600.html,2016-09-23 10:37:47
358,,1,1460233466.0,4e12bi,35,Ex Machina (2015),http://stage66.tv/ex-machina-2015/,2016-04-10 06:24:26
359,,1,1452513564.0,40ezcv,34,Labyrinth (1986),http://outlawtv.net/?p=1528,2016-01-11 22:59:24
360,,2,1443002664.0,3m0k28,32,City of God (2002),http://www.youtubefullmovies.net/2015/09/watch-city-of-god-2002-full-movie-online.html,2015-09-23 20:04:24
361,,2,1441016761.0,3j17g4,35,The Princess Bride (1987),http://www.youtubefullmovies.net/2015/08/watch-princess-bride-1987-full-movie.html,2015-08-31 20:26:01
362,,7,1433472633.0,38jzdo,39,Better Call Saul - Season 1 (2015),http://123movies.to/film/better-call-saul-season-1-1691/,2015-06-05 12:50:33
363,"Cricfree:
http://cricfree.sx/watch/live/manny-pacquiao-vs-floyd-mayweather-jr-live-streaming

Skysports: 
http://wiz1.net/channel1
-Wait for the timer to appear before clicking the x, should appear after about 10-20 seconds

UFREETV.COM:
http://ufreetv.com/hbo.html - slightly jumpy quality

*** Make sure to use Adblocker, Chrome works the best for the links ",82,1430645725.0,34ogzw,35,Streams for the Mayweather vs. Pacquiao fight,https://www.reddit.com/r/BestOfStreamingVideo/comments/34ogzw/streams_for_the_mayweather_vs_pacquiao_fight/,2015-05-03 19:35:25
364,,5,1417914381.0,2ogytw,39,Nightcrawler (2014),http://movie25.ws/nightcrawler-2014/,2014-12-07 12:06:21
365,,4,1415595004.0,2lsjv4,37,The Warriors (1979),http://www.vumoo.co/videos/play/watch-the-warriors-1979-38835,2014-11-10 15:50:04
366,,1,1411352666.0,2h1wrl,37,Goon (2011) HD Version 720p,http://movie25.ws/goon-2011/,2014-09-22 12:24:26
367,,3,1397949797.0,23fuke,37,"Memento (2000) [DVD rip] Guy Pearce, Carrie-Anne Moss, Joe Pantoliano",http://movie25.ws/watch-memento-2000-online-movie/,2014-04-20 09:23:17
368,,5,1391984341.0,1xfmlo,35,Pacific Rim (2013) 1080P Free Watch Online,http://www.astheeye.com/movies/197-pacific-rim,2014-02-10 09:19:01
369,,7,1359151144.0,1796dk,36,Cloud Atlas (2012),http://sharesix.com/acdc1d0r0rp2,2013-01-26 08:59:04
370,"People have suggested to me that they only want to see links to videos that they can access with their current setups, and I think that's a great idea.  So henceforth this subreddit will only be for links to shows that are available for FREE on the web, and then you can subscribe to individual subreddits for any of the pay subscription services that you belong to.  

Netflix links should be submitted to [r/NetflixBestOf](http://www.reddit.com/r/NetflixBestOf)

Hulu+ links should be submitted to [r/Hulu+](http://www.reddit.com/r/BestOfHuluPlus)

Amazon Prime links should be submitted to [r/BestOfAmazonPrime](http://www.reddit.com/r/BestOfAmazonPrime)

individual pay rentals & purchases should be submitted to [r/BestOfPayVideos](http://www.reddit.com/r/BestOfPayVideos)

If there are other paid video services without a dedicated subreddit then just message me and I'll add a link to the sidebar.",14,1332569025.0,ralqq,37,NOTICE - slight change in subreddit topic: this subreddit is now only for FREE videos.  Paid video services will now each have their own subreddit.,https://www.reddit.com/r/BestOfStreamingVideo/comments/ralqq/notice_slight_change_in_subreddit_topic_this/,2012-03-24 17:03:45
371,,2,1513153935.0,7jfczm,35,Hot Rod (2007) *updated link*,http://cinemalounge.io/10074-hot-rod/,2017-12-13 19:32:15
372,,1,1508919940.0,78k3kv,35,Atomic Blonde (2017),http://moviesonline.mn/watch/yGD97Vd6-atomic-blonde.html,2017-10-25 19:25:40
373,,1,1508903360.0,78iavq,31,Blade Runner (1982),http://jugamovie.com/movies/blade-runner/,2017-10-25 14:49:20
374,,2,1504889657.0,6ytlu8,33,Starship Troopers (1997),https://flenix.net/movies/1713-starship-troopers.html,2017-09-09 02:54:17
375,,8,1498230465.0,6izmyq,32,"Synecdoche, New York (2008)",https://flenix.net/movies/1100-synecdoche-new-york.html,2017-06-24 01:07:45
376,,1,1489948534.0,609hbw,33,Rogue One: A Star Wars Story (2016),https://yesmovies.to/movie/rogue-one-a-star-wars-story-18429.html,2017-03-20 05:35:34
377,,1,1483785262.0,5mhzma,33,Princess Mononoke (1997),https://getmovies.to/watch/princess-mononoke.4qmx,2017-01-07 21:34:22
378,,5,1482882025.0,5kka3a,37,Snowden (2016),http://freemoviesdl.com/movies/snowden-2016-streaming-720p-bluray/,2016-12-28 10:40:25
379,,2,1479316845.0,5d8by8,34,Hunt for the Wilderpeople (2016),http://sockshare.biz/watch/hunt-for-the-wilderpeople-2016-online.html,2016-11-17 04:20:45
380,,1,1476371414.0,5791pj,34,10 Things I Hate About You (1999),http://watchinhd.io/movies/10-things-i-hate-about-you/,2016-10-14 02:10:14
381,,1,1475526191.0,55ne2e,34,The Nice Guys (2016),http://putlockerhd.fr/?p=21950,2016-10-04 07:23:11
382,,10,1473025328.0,5140nu,34,The Lobster (2015),http://videorev.cc/vuq6n3hulpe1.html,2016-09-05 07:42:08
383,,1,1471315895.0,4xv5ap,35,X-Men: Apocalypse (2016),http://videopad.me/Watch-X-Men:-Apocalypse-2016,2016-08-16 12:51:35
384,,1,1464456023.0,4lf62a,35,The Big Lebowski (1998),http://videorev.cc/mzgsmz2lezml.html,2016-05-29 03:20:23
385,,1,1454424757.0,43t4ba,33,No Country for Old Men (2007),http://youmovies.tv/no-country-for-old-men/,2016-02-03 01:52:37
386,,1,1446926719.0,3rvq8o,36,Vancouver Public Library introduces new Criterion Collection streaming service. Anyone can get a library card set up in Canada to use this service.,http://www.cbc.ca/news/canada/british-columbia/vancouver-public-library-criterion-collection-1.3308903,2015-11-08 07:05:19
387,,5,1420717819.0,2rpgen,33,Big Hero 6 (2014),http://movie25.ws/big-hero-6-2014-online/,2015-01-08 22:50:19
388,,3,1418950878.0,2pp41k,32,The Babadook (2014) Bluray,http://streamingworld.org/movies-films/horreur/the-babadook/,2014-12-19 12:01:18
389,,1,1417312570.0,2nrsy4,32,Guardians of the Galaxy (2014),http://movie25.ws/guardians-of-the-galaxy-2014-online-hd/,2014-11-30 12:56:10
390,,6,1417177126.0,2nmzqo,36,Fury (2014) DVD Screen,http://movie25.ws/fury-2014-online-hd/,2014-11-28 23:18:46
391,,2,1415965571.0,2m92hn,34,Eternal Sunshine of the Spotless Mind (2004),http://movie25.ws/eternal-sunshine-of-the-spotless-mind-2004/,2014-11-14 22:46:11
392,,4,1410554490.0,2g7280,32,Edge of Tomorrow (2014) Real Dvd Rip,http://movie25.ws/edge-of-tomorrow-2014/,2014-09-13 06:41:30
393,"Episode 1 - 25 (Including episode 10.5) in order:

http://vidbull.com/dhcj9vb890dx.html

http://vidbull.com/cwiut0es7lj8.html

http://vidbull.com/mnwh2r1es9on.html

http://vidbull.com/oy3n69l9mfr0.html

http://vidbull.com/f9063pzdl7nw.html

http://vidbull.com/sqfs2p1pz9cv.html

http://vidbull.com/99h9ehqkmf70.html

http://vidbull.com/p6nhufe41wjv.html

http://vidbull.com/lpzecvfz2r4l.html

http://vidbull.com/n6v8wvnky5zr.html

http://vidbull.com/u5vpna6hzmeh.html

http://vidbull.com/5hkbq9qen810.html

http://vidbull.com/1z1cvfikfhjv.html

http://vidbull.com/yn1mprq52v8f.html

http://vidbull.com/sy2fjwd0s786.html

http://vidbull.com/bv9w88m6lp9y.html

http://vidbull.com/nvt18azryhu9.html

http://vidbull.com/b25efbkwexm2.html

http://vidbull.com/rn47qi824ll3.html

http://vidbull.com/py2pfl1w6iqh.html

http://vidbull.com/ihgwg6p2b4gz.html

http://vidbull.com/t7mf6knjnc5n.html

http://vidbull.com/ei8ku3g291gm.html

http://vidbull.com/o8z3lr9nkgnq.html

http://vidbull.com/5ldeg45rplvl.html

http://vidbull.com/b3dax4rp3u5h.html",8,1402493246.0,27urpx,34,Attack on Titan Season 1 | Japanese Audio & English Sub,https://www.reddit.com/r/BestOfStreamingVideo/comments/27urpx/attack_on_titan_season_1_japanese_audio_english/,2014-06-11 23:27:26
394,,0,1402023820.0,27em3k,34,American History X (1998) Hd 720p,http://movie25.ws/american-history-x-1998/,2014-06-06 13:03:40
395,,0,1392429961.0,1xwy8o,32,"The Way Way Back (2013) [HD] Steve Carell, Toni Collette, Allison Janney",http://movie25.ws/the-way-way-back-2013/,2014-02-15 13:06:01
396,,0,1359769292.0,17pd9o,33,Metropolis ( 1927 ),http://www.youtube.com/watch?v=j92E9J8uafc,2013-02-02 12:41:32
397,,1,1356486527.0,15fe9l,36,24/7 Community live stream,http://castlehawkthorne.blogspot.com/,2012-12-26 12:48:47
398,,10,1351160280.0,121kwv,35,The Amazing Spider-Man 2012- Surprised to find this good action flick online. Enjoy,https://www.youtube.com/watch?v=G7u7mCsI5qk&feature=youtube_gdata_player,2012-10-25 21:18:00
399,,5,1332561560.0,rafqm,33,"Misfits - juvenile delinquents who get super powers.  Similar to ""Heroes"" without the suck.  British FYI.",http://www.hulu.com/misfits,2012-03-24 14:59:20
400,,7,1524762997.0,8f1afc,33,Captain America: The Winter Soldier (2014),https://azmovies.xyz/watch.php?title=Captain+America%3A+The+Winter+Soldier,2018-04-27 03:16:37
401,,7,1509282534.0,79eu6p,31,[Request] Idiocracy (2006),https://www.reddit.com/r/BestOfStreamingVideo/comments/79eu6p/request_idiocracy_2006/,2017-10-30 00:08:54
402,,3,1501175372.0,6pur3y,35,The Life Aquatic with Steve Zissou (2004),https://flenix.net/movies/1393-the-life-aquatic-with-steve-zissou.html,2017-07-28 03:09:32
403,,5,1499876948.0,6msmvu,34,Wonder Woman,http://movietoken.net/wonder-woman/,2017-07-13 02:29:08
404,,5,1499079719.0,6kxe08,36,Wonder Woman (2017),http://hdgo.to/movie/Nx4gD0vz-wonder-woman-2017.html,2017-07-03 21:01:59
405,,5,1496874633.0,6ftrwl,33,The Secret of NIMH (1982),http://www.watchfree.to/watch-cbb-The-Secret-of-NIMH-movie-online-free-putlocker.html,2017-06-08 08:30:33
406,,3,1494548056.0,6al4bz,34,Get Out 2017,https://flenix.net/movies/410-get-out.html,2017-05-12 10:14:16
407,,1,1491812710.0,64geqt,32,Monty Python and the Holy Grail (1975),https://getmovies.to/watch/monty-python-and-the-holy-grail.l74q,2017-04-10 18:25:10
408,,1,1487824276.0,5vl6on,35,Full Metal Jacket (1987),http://www.movieblast.co/movie/watch-full-metal-jacket-1987,2017-02-23 15:31:16
409,,1,1487732585.0,5vddzr,33,American History X (1998),http://www.movieblast.co/movie/watch-american-history-x-1998,2017-02-22 14:03:05
410,,3,1487305223.0,5uhk97,34,Moonlight (2016),http://filmsday.xyz/watch-online-moonlight-2016/,2017-02-17 15:20:23
411,,1,1485334230.0,5q03oe,31,My Neighbor Totoro (1988),https://getmovies.to/watch/my-neighbor-totoro.ll9m,2017-01-25 19:50:30
412,,2,1482173351.0,5j5sex,37,Kung Fu Hustle (2004),http://getmovies.to/watch/kung-fu-hustle.k8z9,2016-12-20 05:49:11
413,,403,1481785841.0,5idx42,30,Television Episodes to be posted here.,https://www.reddit.com/r/BestOfStreamingVideo/comments/5idx42/television_episodes_to_be_posted_here/,2016-12-15 18:10:41
414,,3,1481187911.0,5h3wxm,31,Léon: The Professional (1994),http://getmovies.to/watch/leon-the-professional.m2l8,2016-12-08 20:05:11
415,,1,1481058774.0,5gsrer,34,Victoria's Secret Fashion Show 2016 (2016),http://getmovies.to/watch/victorias-secret-fashion-show-2016.m2898/mvowj7,2016-12-07 08:12:54
416,,2,1480319930.0,5f8fno,36,Gattaca (1997),http://moviezone.ch/gattaca-1997/,2016-11-28 18:58:50
417,,1,1479236653.0,5d1yhw,33,Lost in Translation (2003),http://cafemovie.me/movie/lost-in-translation-XEv5jeDa/watch/3voYlXvVdbnqdwVG,2016-11-16 06:04:13
418,,2,1471075516.0,4xgn2g,34,Bill Burr: Im Sorry You Feel That Way (2014),http://videopad.me/Watch-Bill-Burr:-Im-Sorry-You-Feel-That-Way-2014,2016-08-13 18:05:16
419,,1,1454989726.0,44smf6,32,Gangs of New York (2002),http://movietv.pro/gangs-of-new-york/,2016-02-09 14:48:46
420,,2,1444123012.0,3nne7g,31,City of God (2002),http://moviehdmax.com/watch/fe6f7bb563/city-of-god-2002,2015-10-06 20:16:52
421,,3,1443491743.0,3mq678,34,Inside Out (2015),http://www.movie25.cz/watch-inside-out-online-free/,2015-09-29 11:55:43
422,,1,1416491136.0,2muofj,34,The Grand Budapest Hotel (2014),http://www.vumoo.me/videos/play/watch-the-grand-budapest-hotel-2014-1628,2014-11-21 00:45:36
423,,1,1411740919.0,2hi7ys,35,22 Jump Street (2014) Real DVD rip,http://movie25.ws/22-jump-street-2014/,2014-09-27 00:15:19
424,,3,1404003101.0,29bwym,36,Archer Full Season 5 [All 13 Episodes] HDTV,http://movie25.ws/archer-season-5/,2014-06-29 10:51:41
425,,10,1393214940.0,1yq7v3,34,Event Horizon (1997) Laurence Fishburne,http://viooz.co/movies/3674-event-horizon-1997.html,2014-02-24 15:09:00
426,,0,1381470725.0,1o6cfx,36,Almost Famous (2000),http://viooz.co/movies/3497-almost-famous-2000.html,2013-10-11 16:52:05
427,,1,1365908232.0,1ca62i,33,"George Foreman vs Muhammad Ali - Oct. 30, 1974 - Entire fight - Rounds 1 - 8 & Interview",http://youtu.be/55AasOJZzDE,2013-04-14 12:57:12
428,,1,1363580206.0,1ahbz8,30,Milk (2008),http://www.nowvideo.eu/video/510a728f53dc2,2013-03-18 15:16:46
429,,2,1360752829.0,18f56j,37,Beasts of the Southern Wild - 2012,http://videobam.com/ZsAsG,2013-02-13 21:53:49
430,,1,1357977776.0,16er4l,32,Hitchcock (2012),http://sharesix.com/bjg8os5zx23m,2013-01-12 19:02:56
431,,1,1510142405.0,7bitwa,35,Fury (2014),http://moviesonline.mn/watch/yGDwjLx6-fury-2014.html,2017-11-08 23:00:05
432,,2,1509867531.0,7au5s2,34,The Man from U.N.C.L.E. (2015),https://watchonline.sc/movie/the-man-from-u-n-c-l-e-2015/,2017-11-05 18:38:51
433,,5,1508645615.0,77vpqq,32,Dr. Strangelove Or: How I Learned To Stop Worrying And Love The Bomb (1964),https://movieland.me/movie/dr-strangelove-or-how-i-learned-to-stop-worrying-and-love-the-bomb-n0MPLPzE/watch,2017-10-22 15:13:35
434,,5,1508102293.0,76iw3b,35,Apocalypto (2006),https://movieland.me/movie/apocalypto-24GEErGy/watch,2017-10-16 08:18:13
435,,2,1507977579.0,769kxo,30,My Cousin Vinny (1992),https://yifymovies.is/film/my-cousin-vinny-1318.html,2017-10-14 21:39:39
436,,1,1502300391.0,6skegh,32,Shaun of the Dead (2004),https://flenix.net/movies/1496-shaun-of-the-dead.html,2017-08-10 03:39:51
437,,2,1501695974.0,6r33pd,32,Train To Busan (2016),http://sharemovies.net/watch/qd7KBzdK-train-to-busan.html,2017-08-03 03:46:14
438,,1,1492116017.0,6557cn,34,High Fidelity (2000),https://solarmovie.st/watch/high-fidelity.nv7n/0r0xyk,2017-04-14 06:40:17
439,,1,1488781617.0,5xpiso,31,Pineapple Express (2008),https://www.rapidvideo.com/?v=7fgZ9CrJ,2017-03-06 17:26:57
440,,6,1482477252.0,5jtqmx,31,Rick and Morty (2013),http://moviegg.net/tvshows/rick-and-morty-watch-online-free/,2016-12-23 18:14:12
441,,1,1481224877.0,5h6eph,33,"The Good, the Bad and the Ugly (1966)",http://1080pmovies.org/?p=387,2016-12-09 06:21:17
442,,4,1481041697.0,5grsna,33,The Nice Guys (2016),http://moviegg.net/movies/the-nice-guys-watch-online-free/,2016-12-07 03:28:17
443,,1,1478914875.0,5cfrcr,34,Planet Earth II (2016),http://moviefree.to/watch/planet-earth-ii-2016-online.html,2016-11-12 12:41:15
444,,1,1476550318.0,57l9tb,32,The Secret Life of Walter Mitty (2013),http://watchinhd.io/movies/the-secret-life-of-walter-mitty/,2016-10-16 03:51:58
445,,2,1462767450.0,4ig5mj,32,Whiplash (2014),http://stage66.tv/whiplash-2014/,2016-05-09 14:17:30
446,,3,1460587712.0,4elwbh,33,The Babadook (2014),http://imoviemax.se/the-babadook-2014/,2016-04-14 08:48:32
447,,7,1454533492.0,43zp4b,35,Blue Mountain State: The Rise of Thadland (2016),http://iflix.ch/blue-mountain-state-the-rise-of-thadland-2016/,2016-02-04 08:04:52
448,,6,1439843659.0,3hb4gy,32,Attack On Titan (2015),http://f9movies.com/AttackOnTitan.html,2015-08-18 06:34:19
449,,3,1422754832.0,2ubkpx,34,Whiplash (2014),http://www.solarmoviee.com/watch/movie-Whiplash-1743_online.html,2015-02-01 12:40:32
450,,9,1405114509.0,2af9yp,33,In Bruges (2008),http://www.putlocker2.me/in-bruges-2008.html,2014-07-12 07:35:09
451,,0,1402620875.0,27z6ud,32,12 Angry Men (1957) HD 720p,http://movie25.ws/12-angry-men-1957/,2014-06-13 10:54:35
452,,4,1395216672.0,20rlk4,31,The Life Aquatic With Steve Zissou (2004),http://www.firedrive.com/file/3K5P720KS04K808S,2014-03-19 19:11:12
453,,0,1393921897.0,1zhel4,36,Heathers 1988 - Winona Ryder - Christian Slater - Shannen Doherty - Full movie,http://12160.info/video/heathers-1988-full-movie,2014-03-04 19:31:37
454,,12,1386750182.0,1slcja,36,Gravity (2013) [720p DVD],http://b4.to/j38ihe,2013-12-11 19:23:02
455,,1,1377129263.0,1kt6k4,29,Wall of Films! | Over 500 Documentaries on 1 Page,http://www.filmsforaction.org/walloffilms/,2013-08-22 09:54:23
456,,0,1352636304.0,12zva0,30,The Prestige,http://www.youtube.com/watch?v=gVTl90m1Auk,2012-11-11 23:18:24
457,,1,1351759038.0,12fjet,30,Nightmare Before Christmas ,http://www.myspace.com/video/m-t-h-w/nightmare-before-christmas-full-movie/37316638,2012-11-01 19:37:18
458,,2,1524348627.0,8dvyuu,34,The Lord of the Rings: The Return of the King (2003),https://azmovies.xyz/watch.php?title=The+Lord+of+the+Rings%3A+The+Return+of+the+King,2018-04-22 08:10:27
459,"[request] hi, anyone know where i can watch star wars iv a new hope? i'm trying to introduce the series to my 11year old grandson. thanks",9,1511773591.0,7frd2b,28,for a new star wars fan,https://www.reddit.com/r/BestOfStreamingVideo/comments/7frd2b/for_a_new_star_wars_fan/,2017-11-27 20:06:31
460,,2,1509410632.0,79oxwm,34,The Revenant (2015),https://hdonline.is/watch/the-revenant-7336,2017-10-31 11:43:52
461,,2,1504560925.0,6y0cep,30,Chasing Amy (1997),https://flenix.net/movies/1690-chasing-amy.html,2017-09-05 07:35:25
462,,2,1498509097.0,6jks82,29,Tropic Thunder (2008),https://flenix.net/movies/1122-tropic-thunder.html,2017-06-27 06:31:37
463,,3,1497971408.0,6icgem,33,"Miller's Crossing (1990) Directors: Joel Coen, Ethan Coen - IMDb: 7.9",https://yesmovies.to/movie/millers-crossing-2672.html,2017-06-21 01:10:08
464,,9,1497540831.0,6hdk66,31,The Road (2009),https://flenix.net/movies/1026-the-road.html,2017-06-16 01:33:51
465,,1,1497144881.0,6gggsh,32,Hotel Rwanda (2004),http://hdgo.to/movie/QG37N8Go-hotel-rwanda.html,2017-06-11 11:34:41
466,"Every movie/TV show is redirected to the openload servers which is great but not as fast as VIP1 nor VIP2. If it's just me pls reply.

Thanks guys!",6,1497101844.0,6gdpar,33,[QUESTION] Is it just me or is VIP1 and VIP2 streaming servers not working for Solarmovies or Yesmovies.,https://www.reddit.com/r/BestOfStreamingVideo/comments/6gdpar/question_is_it_just_me_or_is_vip1_and_vip2/,2017-06-10 23:37:24
467,,1,1489568258.0,5zga6n,32,Kiss Kiss Bang Bang (2005),http://apetv.ws/movie/kiss-kiss-bang-bang-2005/,2017-03-15 19:57:38
468,,4,1489180056.0,5yly9v,32,The Big Short (2015),http://www.movieblast.co/movie/watch-the-big-short-2015,2017-03-11 08:07:36
469,,1,1488834580.0,5xt4an,28,John Wick (2014),https://www.rapidvideo.com/?v=MGrnj94Q,2017-03-07 08:09:40
470,,1,1484022191.0,5n02u1,31,Sicario (2015),http://cafemovie.me/movie/sicario-Q5vpQrDx/watch#yDPEqEDLdbnqdwVG,2017-01-10 15:23:11
471,,2,1479710870.0,5e0ny3,31,American Psycho (2000),https://sitnwatch.com/Watch/HXG0U4KfLmSrAeqICWoQg8WLgk08kg62,2016-11-21 17:47:50
472,,3,1479153013.0,5cvk39,31,Das Boot (With English subtitles),http://fmovies.to/film/das-boot.027r/llzzx3,2016-11-15 06:50:13
473,"Unable to stream it from the BBC's website since I live in America. I would have requested in the stickied ""TV show"" thread but it seems as though there's been no activity in that thread for months. 

EDIT: Jesus I love this sub",19,1478585839.0,5bpaa5,32,REQUEST: Planet Earth II (2016),https://www.reddit.com/r/BestOfStreamingVideo/comments/5bpaa5/request_planet_earth_ii_2016/,2016-11-08 17:17:19
474,,4,1475977201.0,56i1af,33,Suicide Squad (2016),http://solarmovie.sc/movie/suicide-squad--15185.html,2016-10-09 12:40:01
475,,2,1475927300.0,56fc0u,30,Suicide Squad (2016),http://videopad.me/Watch-Suicide-Squad-2016,2016-10-08 22:48:20
476,,2,1472311336.0,4zt83i,31,The Conjuring 2 (2016),http://videopad.me/Watch-The-Conjuring-2-2016,2016-08-28 01:22:16
477,,3,1466972826.0,4pxjre,31,One Flew Over the Cuckoo's Nest (1975),http://videorev.cc/qd2qd3k2jisp.html,2016-06-27 06:27:06
478,,5,1466484729.0,4p0xfd,32,Hardcore Henry (2015),http://imoviemax.se/hardcore-henry-2015/,2016-06-21 14:52:09
479,,6,1459736179.0,4d77qo,30,Blank Check (1994),http://f3movies.com/blank_check.php,2016-04-04 12:16:19
480,,3,1454478872.0,43wj0h,32,Blue Mountain State: The Rise of Thadland (2016),http://www.gajba-gaming.com/2016/02/blue-mountain-state-rise-of-thadland.html,2016-02-03 16:54:32
481,,1,1451522681.0,3ystea,31,"The Good, the Bad and the Ugly (1966)",http://movietv.pro/the-good-the-bad-and-the-ugly/,2015-12-31 11:44:41
482,,5,1440137988.0,3hrxhb,28,Avengers: Age Of Ultron (2015),http://f5movies.com/film/avengers-age-of-ultron-4632/,2015-08-21 16:19:48
483,,1,1439434990.0,3gr8yv,31,Kingsman - The Secret Service (2015),http://www.vonlinemovies.com/kingsman-the-secret-service/,2015-08-13 13:03:10
484,Goodbye.,39,1437738550.0,3eemqo,28,Project Free TV is gone!,https://www.reddit.com/r/BestOfStreamingVideo/comments/3eemqo/project_free_tv_is_gone/,2015-07-24 21:49:10
485,,8,1421317137.0,2sh049,30,American Sniper (2015) HD Highy quality Print,http://www.solarmoviee.com/watch/movie-American-Sniper-3088_online.html,2015-01-15 21:18:57
486,,2,1421100345.0,2s5y7j,31,The Imitation Game (2014),http://www.solarmoviee.com/watch/movie-The-Imitation-Game-1762_online.html,2015-01-13 09:05:45
487,,1,1417484078.0,2nygmm,31,Horns (2014),http://movie25.ws/horns-2014-hd/,2014-12-02 12:34:38
488,,2,1412629326.0,2ifznr,30,Gattaca (1997) in HD 720p,http://movie25.ws/gattaca-1997/,2014-10-07 08:02:06
489,,4,1409956997.0,2fjxhu,28,Eternal Sunshine of the Spotless Mind (2004),http://movie25.ws/eternal-sunshine-of-the-spotless-mind-2004/,2014-09-06 08:43:17
490,,5,1409572691.0,2f52i5,31,How to Train Your Dragon 2 (2014) HD Version,http://movie25.ws/how-to-train-your-dragon-2-2014/,2014-09-01 21:58:11
491,,6,1406782613.0,2c6dgx,30,Trailer Park Boys: Don't Legalize It (2014),http://12160.info/trailer-park-boys-don-t-legalize-it,2014-07-31 14:56:53
492,,3,1405472205.0,2aryjx,33,"Lock, Stock and Two Smoking Barrels (1998)",http://movie25.ws/lock-stock-and-two-smoking-barrels-1998/,2014-07-16 10:56:45
493,,3,1403567090.0,28vou1,34,The Grand Budapest Hotel (2014) HD [720p] / ENG subtitle,http://www.buzzstream.tv/2014/06/the-grand-budapest-hotel-2014-just.html,2014-06-24 09:44:50
494,,4,1400900126.0,26biak,34,"No Country for Old Men (2007) Tommy Lee Jones, Javier Bardem, Josh Brolin",http://movie25.ws/watch-no-country-for-old-men-2007-movie-online/,2014-05-24 12:55:26
495,,4,1398515185.0,240d2r,32,Wolf Children 2012. (720p) Amazing anime movie about a woman who meets and has children with a werewolf. The werewolf father dies mysteriously one night and she is left to raise her wolf children alone.,http://putlocker.bz/watch-wolf-children-online-free-putlocker.html,2014-04-26 22:26:25
496,,3,1392080497.0,1xj49o,31,The World's End (2013) [HD],http://movie25.ws/the-worlds-end-2013/,2014-02-11 12:01:37
497,,0,1391819693.0,1xa5c8,30,"Reservoir Dogs (1992) [HD Version] Harvey Keitel, Tim Roth, Michael Madsen",http://movie25.ws/watch-reservoir-dogs-1992-movie-online/,2014-02-08 11:34:53
498,,3,1390005193.0,1vgery,29,Dark City (1998) Rufus Sewell,http://viooz.co/movies/3748-dark-city-1998.html,2014-01-18 11:33:13
499,,0,1375342274.0,1jggdk,34,"535 Free Movies Online: Great Classics, Indies, Noir, Westerns & More",http://www.openculture.com/freemoviesonline,2013-08-01 17:31:14
